from,to,intensity.forecast,intensity.actual,intensity.index
2023-10-13T03:30Z,2023-10-13T04:00Z,80,93,low
2023-10-13T04:00Z,2023-10-13T04:30Z,80,92,low
2023-10-13T04:30Z,2023-10-13T05:00Z,81,103,low
2023-10-13T05:00Z,2023-10-13T05:30Z,73,117,low
2023-10-13T05:30Z,2023-10-13T06:00Z,83,117,low
2023-10-13T06:00Z,2023-10-13T06:30Z,83,112,low
2023-10-13T06:30Z,2023-10-13T07:00Z,89,106,low
2023-10-13T07:00Z,2023-10-13T07:30Z,86,114,low
2023-10-13T07:30Z,2023-10-13T08:00Z,73,114,low
2023-10-13T08:00Z,2023-10-13T08:30Z,82,112,low
2023-10-13T08:30Z,2023-10-13T09:00Z,77,106,low
2023-10-13T09:00Z,2023-10-13T09:30Z,78,99,low
2023-10-13T09:30Z,2023-10-13T10:00Z,73,86,low
2023-10-13T10:00Z,2023-10-13T10:30Z,66,72,low
2023-10-13T10:30Z,2023-10-13T11:00Z,59,72,low
2023-10-13T11:00Z,2023-10-13T11:30Z,55,74,low
2023-10-13T11:30Z,2023-10-13T12:00Z,61,79,low
2023-10-13T12:00Z,2023-10-13T12:30Z,54,84,low
2023-10-13T12:30Z,2023-10-13T13:00Z,56,89,low
2023-10-13T13:00Z,2023-10-13T13:30Z,60,94,low
2023-10-13T13:30Z,2023-10-13T14:00Z,64,94,low
2023-10-13T14:00Z,2023-10-13T14:30Z,72,94,low
2023-10-13T14:30Z,2023-10-13T15:00Z,85,88,low
2023-10-13T15:00Z,2023-10-13T15:30Z,75,82,low
2023-10-13T15:30Z,2023-10-13T16:00Z,76,75,low
2023-10-13T16:00Z,2023-10-13T16:30Z,78,85,low
2023-10-13T16:30Z,2023-10-13T17:00Z,66,96,low
2023-10-13T17:00Z,2023-10-13T17:30Z,84,94,low
2023-10-13T17:30Z,2023-10-13T18:00Z,83,90,low
2023-10-13T18:00Z,2023-10-13T18:30Z,84,78,low
2023-10-13T18:30Z,2023-10-13T19:00Z,75,70,low
2023-10-13T19:00Z,2023-10-13T19:30Z,74,58,low
2023-10-13T19:30Z,2023-10-13T20:00Z,67,52,low
2023-10-13T20:00Z,2023-10-13T20:30Z,57,51,low
2023-10-13T20:30Z,2023-10-13T21:00Z,44,51,low
2023-10-13T21:00Z,2023-10-13T21:30Z,43,51,low
2023-10-13T21:30Z,2023-10-13T22:00Z,51,63,low
2023-10-13T22:00Z,2023-10-13T22:30Z,48,64,low
2023-10-13T22:30Z,2023-10-13T23:00Z,54,60,low
2023-10-13T23:00Z,2023-10-13T23:30Z,45,60,low
2023-10-13T23:30Z,2023-10-14T00:00Z,59,60,low
2023-10-14T00:00Z,2023-10-14T00:30Z,63,61,low
2023-10-14T00:30Z,2023-10-14T01:00Z,57,57,low
2023-10-14T01:00Z,2023-10-14T01:30Z,57,58,low
2023-10-14T01:30Z,2023-10-14T02:00Z,56,60,low
2023-10-14T02:00Z,2023-10-14T02:30Z,56,61,low
2023-10-14T02:30Z,2023-10-14T03:00Z,58,62,low
2023-10-14T03:00Z,2023-10-14T03:30Z,60,60,low
2023-10-14T03:30Z,2023-10-14T04:00Z,62,61,low
2023-10-14T04:00Z,2023-10-14T04:30Z,62,60,low
2023-10-14T04:30Z,2023-10-14T05:00Z,63,57,low
2023-10-14T05:00Z,2023-10-14T05:30Z,61,59,low
2023-10-14T05:30Z,2023-10-14T06:00Z,60,58,low
2023-10-14T06:00Z,2023-10-14T06:30Z,55,63,low
2023-10-14T06:30Z,2023-10-14T07:00Z,56,67,low
2023-10-14T07:00Z,2023-10-14T07:30Z,54,68,low
2023-10-14T07:30Z,2023-10-14T08:00Z,63,70,low
2023-10-14T08:00Z,2023-10-14T08:30Z,62,63,low
2023-10-14T08:30Z,2023-10-14T09:00Z,64,61,low
2023-10-14T09:00Z,2023-10-14T09:30Z,57,61,low
2023-10-14T09:30Z,2023-10-14T10:00Z,57,61,low
2023-10-14T10:00Z,2023-10-14T10:30Z,54,59,low
2023-10-14T10:30Z,2023-10-14T11:00Z,58,54,low
2023-10-14T11:00Z,2023-10-14T11:30Z,56,54,low
2023-10-14T11:30Z,2023-10-14T12:00Z,54,55,low
2023-10-14T12:00Z,2023-10-14T12:30Z,47,53,low
2023-10-14T12:30Z,2023-10-14T13:00Z,56,55,low
2023-10-14T13:00Z,2023-10-14T13:30Z,54,56,low
2023-10-14T13:30Z,2023-10-14T14:00Z,56,56,low
2023-10-14T14:00Z,2023-10-14T14:30Z,55,60,low
2023-10-14T14:30Z,2023-10-14T15:00Z,57,67,low
2023-10-14T15:00Z,2023-10-14T15:30Z,63,79,low
2023-10-14T15:30Z,2023-10-14T16:00Z,68,81,low
2023-10-14T16:00Z,2023-10-14T16:30Z,76,95,low
2023-10-14T16:30Z,2023-10-14T17:00Z,76,109,low
2023-10-14T17:00Z,2023-10-14T17:30Z,91,111,low
2023-10-14T17:30Z,2023-10-14T18:00Z,87,101,low
2023-10-14T18:00Z,2023-10-14T18:30Z,83,97,low
2023-10-14T18:30Z,2023-10-14T19:00Z,75,86,low
2023-10-14T19:00Z,2023-10-14T19:30Z,78,81,low
2023-10-14T19:30Z,2023-10-14T20:00Z,70,86,low
2023-10-14T20:00Z,2023-10-14T20:30Z,68,88,low
2023-10-14T20:30Z,2023-10-14T21:00Z,65,85,low
2023-10-14T21:00Z,2023-10-14T21:30Z,65,72,low
2023-10-14T21:30Z,2023-10-14T22:00Z,65,65,low
2023-10-14T22:00Z,2023-10-14T22:30Z,58,65,low
2023-10-14T22:30Z,2023-10-14T23:00Z,60,81,low
2023-10-14T23:00Z,2023-10-14T23:30Z,60,81,low
2023-10-14T23:30Z,2023-10-15T00:00Z,62,86,low
2023-10-15T00:00Z,2023-10-15T00:30Z,75,85,low
2023-10-15T00:30Z,2023-10-15T01:00Z,80,78,low
2023-10-15T01:00Z,2023-10-15T01:30Z,52,79,low
2023-10-15T01:30Z,2023-10-15T02:00Z,71,67,low
2023-10-15T02:00Z,2023-10-15T02:30Z,70,64,low
2023-10-15T02:30Z,2023-10-15T03:00Z,65,69,low
2023-10-15T03:00Z,2023-10-15T03:30Z,63,71,low
2023-10-15T03:30Z,2023-10-15T04:00Z,67,79,low
2023-10-15T04:00Z,2023-10-15T04:30Z,64,80,low
2023-10-15T04:30Z,2023-10-15T05:00Z,75,72,low
2023-10-15T05:00Z,2023-10-15T05:30Z,77,76,low
2023-10-15T05:30Z,2023-10-15T06:00Z,72,71,low
2023-10-15T06:00Z,2023-10-15T06:30Z,68,76,low
2023-10-15T06:30Z,2023-10-15T07:00Z,70,83,low
2023-10-15T07:00Z,2023-10-15T07:30Z,77,79,low
2023-10-15T07:30Z,2023-10-15T08:00Z,81,75,low
2023-10-15T08:00Z,2023-10-15T08:30Z,69,74,low
2023-10-15T08:30Z,2023-10-15T09:00Z,73,75,low
2023-10-15T09:00Z,2023-10-15T09:30Z,69,74,low
2023-10-15T09:30Z,2023-10-15T10:00Z,78,71,low
2023-10-15T10:00Z,2023-10-15T10:30Z,72,72,low
2023-10-15T10:30Z,2023-10-15T11:00Z,70,70,low
2023-10-15T11:00Z,2023-10-15T11:30Z,76,69,low
2023-10-15T11:30Z,2023-10-15T12:00Z,76,74,low
2023-10-15T12:00Z,2023-10-15T12:30Z,70,76,low
2023-10-15T12:30Z,2023-10-15T13:00Z,78,81,low
2023-10-15T13:00Z,2023-10-15T13:30Z,77,88,low
2023-10-15T13:30Z,2023-10-15T14:00Z,86,101,low
2023-10-15T14:00Z,2023-10-15T14:30Z,96,124,moderate
2023-10-15T14:30Z,2023-10-15T15:00Z,107,143,moderate
2023-10-15T15:00Z,2023-10-15T15:30Z,137,169,moderate
2023-10-15T15:30Z,2023-10-15T16:00Z,174,187,moderate
2023-10-15T16:00Z,2023-10-15T16:30Z,203,196,moderate
2023-10-15T16:30Z,2023-10-15T17:00Z,209,209,high
2023-10-15T17:00Z,2023-10-15T17:30Z,206,217,high
2023-10-15T17:30Z,2023-10-15T18:00Z,213,221,high
2023-10-15T18:00Z,2023-10-15T18:30Z,218,218,high
2023-10-15T18:30Z,2023-10-15T19:00Z,220,211,high
2023-10-15T19:00Z,2023-10-15T19:30Z,219,213,high
2023-10-15T19:30Z,2023-10-15T20:00Z,210,211,high
2023-10-15T20:00Z,2023-10-15T20:30Z,208,208,high
2023-10-15T20:30Z,2023-10-15T21:00Z,185,205,high
2023-10-15T21:00Z,2023-10-15T21:30Z,204,200,high
2023-10-15T21:30Z,2023-10-15T22:00Z,200,191,moderate
2023-10-15T22:00Z,2023-10-15T22:30Z,189,188,moderate
2023-10-15T22:30Z,2023-10-15T23:00Z,194,186,moderate
2023-10-15T23:00Z,2023-10-15T23:30Z,193,185,moderate
2023-10-15T23:30Z,2023-10-16T00:00Z,206,191,moderate
2023-10-16T00:00Z,2023-10-16T00:30Z,187,195,moderate
2023-10-16T00:30Z,2023-10-16T01:00Z,199,194,moderate
2023-10-16T01:00Z,2023-10-16T01:30Z,195,196,moderate
2023-10-16T01:30Z,2023-10-16T02:00Z,198,195,moderate
2023-10-16T02:00Z,2023-10-16T02:30Z,191,196,moderate
2023-10-16T02:30Z,2023-10-16T03:00Z,201,194,moderate
2023-10-16T03:00Z,2023-10-16T03:30Z,200,197,moderate
2023-10-16T03:30Z,2023-10-16T04:00Z,206,229,high
2023-10-16T04:00Z,2023-10-16T04:30Z,210,240,high
2023-10-16T04:30Z,2023-10-16T05:00Z,244,257,high
2023-10-16T05:00Z,2023-10-16T05:30Z,266,263,high
2023-10-16T05:30Z,2023-10-16T06:00Z,268,254,high
2023-10-16T06:00Z,2023-10-16T06:30Z,267,258,high
2023-10-16T06:30Z,2023-10-16T07:00Z,269,264,high
2023-10-16T07:00Z,2023-10-16T07:30Z,262,263,high
2023-10-16T07:30Z,2023-10-16T08:00Z,271,258,high
2023-10-16T08:00Z,2023-10-16T08:30Z,271,257,high
2023-10-16T08:30Z,2023-10-16T09:00Z,262,251,high
2023-10-16T09:00Z,2023-10-16T09:30Z,258,245,high
2023-10-16T09:30Z,2023-10-16T10:00Z,252,242,high
2023-10-16T10:00Z,2023-10-16T10:30Z,246,238,high
2023-10-16T10:30Z,2023-10-16T11:00Z,241,236,high
2023-10-16T11:00Z,2023-10-16T11:30Z,241,235,high
2023-10-16T11:30Z,2023-10-16T12:00Z,242,237,high
2023-10-16T12:00Z,2023-10-16T12:30Z,248,237,high
2023-10-16T12:30Z,2023-10-16T13:00Z,247,239,high
2023-10-16T13:00Z,2023-10-16T13:30Z,243,240,high
2023-10-16T13:30Z,2023-10-16T14:00Z,241,237,high
2023-10-16T14:00Z,2023-10-16T14:30Z,248,237,high
2023-10-16T14:30Z,2023-10-16T15:00Z,247,241,high
2023-10-16T15:00Z,2023-10-16T15:30Z,252,244,high
2023-10-16T15:30Z,2023-10-16T16:00Z,257,245,high
2023-10-16T16:00Z,2023-10-16T16:30Z,251,250,high
2023-10-16T16:30Z,2023-10-16T17:00Z,253,251,high
2023-10-16T17:00Z,2023-10-16T17:30Z,258,252,high
2023-10-16T17:30Z,2023-10-16T18:00Z,255,258,high
2023-10-16T18:00Z,2023-10-16T18:30Z,248,255,high
2023-10-16T18:30Z,2023-10-16T19:00Z,243,256,high
2023-10-16T19:00Z,2023-10-16T19:30Z,241,248,high
2023-10-16T19:30Z,2023-10-16T20:00Z,239,242,high
2023-10-16T20:00Z,2023-10-16T20:30Z,236,239,high
2023-10-16T20:30Z,2023-10-16T21:00Z,232,243,high
2023-10-16T21:00Z,2023-10-16T21:30Z,221,238,high
2023-10-16T21:30Z,2023-10-16T22:00Z,214,208,high
2023-10-16T22:00Z,2023-10-16T22:30Z,224,200,high
2023-10-16T22:30Z,2023-10-16T23:00Z,203,196,moderate
2023-10-16T23:00Z,2023-10-16T23:30Z,84,188,moderate
2023-10-16T23:30Z,2023-10-17T00:00Z,193,177,moderate
2023-10-17T00:00Z,2023-10-17T00:30Z,190,176,moderate
2023-10-17T00:30Z,2023-10-17T01:00Z,181,175,moderate
2023-10-17T01:00Z,2023-10-17T01:30Z,177,175,moderate
2023-10-17T01:30Z,2023-10-17T02:00Z,175,168,moderate
2023-10-17T02:00Z,2023-10-17T02:30Z,181,166,moderate
2023-10-17T02:30Z,2023-10-17T03:00Z,170,172,moderate
2023-10-17T03:00Z,2023-10-17T03:30Z,169,170,moderate
2023-10-17T03:30Z,2023-10-17T04:00Z,171,183,moderate
2023-10-17T04:00Z,2023-10-17T04:30Z,172,196,moderate
2023-10-17T04:30Z,2023-10-17T05:00Z,194,214,high
2023-10-17T05:00Z,2023-10-17T05:30Z,207,219,high
2023-10-17T05:30Z,2023-10-17T06:00Z,224,216,high
2023-10-17T06:00Z,2023-10-17T06:30Z,222,213,high
2023-10-17T06:30Z,2023-10-17T07:00Z,216,199,moderate
2023-10-17T07:00Z,2023-10-17T07:30Z,209,200,high
2023-10-17T07:30Z,2023-10-17T08:00Z,199,192,moderate
2023-10-17T08:00Z,2023-10-17T08:30Z,197,182,moderate
2023-10-17T08:30Z,2023-10-17T09:00Z,188,180,moderate
2023-10-17T09:00Z,2023-10-17T09:30Z,164,168,moderate
2023-10-17T09:30Z,2023-10-17T10:00Z,144,157,moderate
2023-10-17T10:00Z,2023-10-17T10:30Z,136,146,moderate
2023-10-17T10:30Z,2023-10-17T11:00Z,128,136,moderate
2023-10-17T11:00Z,2023-10-17T11:30Z,122,125,moderate
2023-10-17T11:30Z,2023-10-17T12:00Z,116,101,low
2023-10-17T12:00Z,2023-10-17T12:30Z,118,96,low
2023-10-17T12:30Z,2023-10-17T13:00Z,105,95,low
2023-10-17T13:00Z,2023-10-17T13:30Z,93,93,low
2023-10-17T13:30Z,2023-10-17T14:00Z,88,87,low
2023-10-17T14:00Z,2023-10-17T14:30Z,97,97,low
2023-10-17T14:30Z,2023-10-17T15:00Z,100,111,low
2023-10-17T15:00Z,2023-10-17T15:30Z,97,123,moderate
2023-10-17T15:30Z,2023-10-17T16:00Z,110,130,moderate
2023-10-17T16:00Z,2023-10-17T16:30Z,128,135,moderate
2023-10-17T16:30Z,2023-10-17T17:00Z,133,144,moderate
2023-10-17T17:00Z,2023-10-17T17:30Z,136,140,moderate
2023-10-17T17:30Z,2023-10-17T18:00Z,137,124,moderate
2023-10-17T18:00Z,2023-10-17T18:30Z,133,113,low
2023-10-17T18:30Z,2023-10-17T19:00Z,118,102,low
2023-10-17T19:00Z,2023-10-17T19:30Z,111,91,low
2023-10-17T19:30Z,2023-10-17T20:00Z,97,81,low
2023-10-17T20:00Z,2023-10-17T20:30Z,91,68,low
2023-10-17T20:30Z,2023-10-17T21:00Z,81,69,low
2023-10-17T21:00Z,2023-10-17T21:30Z,81,67,low
2023-10-17T21:30Z,2023-10-17T22:00Z,67,65,low
2023-10-17T22:00Z,2023-10-17T22:30Z,66,64,low
2023-10-17T22:30Z,2023-10-17T23:00Z,61,71,low
2023-10-17T23:00Z,2023-10-17T23:30Z,61,68,low
2023-10-17T23:30Z,2023-10-18T00:00Z,65,65,low
2023-10-18T00:00Z,2023-10-18T00:30Z,64,67,low
2023-10-18T00:30Z,2023-10-18T01:00Z,62,62,low
2023-10-18T01:00Z,2023-10-18T01:30Z,63,60,low
2023-10-18T01:30Z,2023-10-18T02:00Z,61,61,low
2023-10-18T02:00Z,2023-10-18T02:30Z,61,61,low
2023-10-18T02:30Z,2023-10-18T03:00Z,58,63,low
2023-10-18T03:00Z,2023-10-18T03:30Z,58,62,low
2023-10-18T03:30Z,2023-10-18T04:00Z,62,66,low
2023-10-18T04:00Z,2023-10-18T04:30Z,62,70,low
2023-10-18T04:30Z,2023-10-18T05:00Z,65,66,low
2023-10-18T05:00Z,2023-10-18T05:30Z,68,74,low
2023-10-18T05:30Z,2023-10-18T06:00Z,61,76,low
2023-10-18T06:00Z,2023-10-18T06:30Z,63,74,low
2023-10-18T06:30Z,2023-10-18T07:00Z,69,68,low
2023-10-18T07:00Z,2023-10-18T07:30Z,67,74,low
2023-10-18T07:30Z,2023-10-18T08:00Z,61,72,low
2023-10-18T08:00Z,2023-10-18T08:30Z,60,72,low
2023-10-18T08:30Z,2023-10-18T09:00Z,67,69,low
2023-10-18T09:00Z,2023-10-18T09:30Z,69,67,low
2023-10-18T09:30Z,2023-10-18T10:00Z,66,71,low
2023-10-18T10:00Z,2023-10-18T10:30Z,65,64,low
2023-10-18T10:30Z,2023-10-18T11:00Z,68,62,low
2023-10-18T11:00Z,2023-10-18T11:30Z,66,63,low
2023-10-18T11:30Z,2023-10-18T12:00Z,58,64,low
2023-10-18T12:00Z,2023-10-18T12:30Z,55,65,low
2023-10-18T12:30Z,2023-10-18T13:00Z,55,63,low
2023-10-18T13:00Z,2023-10-18T13:30Z,53,65,low
2023-10-18T13:30Z,2023-10-18T14:00Z,56,62,low
2023-10-18T14:00Z,2023-10-18T14:30Z,57,67,low
2023-10-18T14:30Z,2023-10-18T15:00Z,56,66,low
2023-10-18T15:00Z,2023-10-18T15:30Z,59,72,low
2023-10-18T15:30Z,2023-10-18T16:00Z,62,75,low
2023-10-18T16:00Z,2023-10-18T16:30Z,65,79,low
2023-10-18T16:30Z,2023-10-18T17:00Z,69,85,low
2023-10-18T17:00Z,2023-10-18T17:30Z,75,85,low
2023-10-18T17:30Z,2023-10-18T18:00Z,81,82,low
2023-10-18T18:00Z,2023-10-18T18:30Z,82,81,low
2023-10-18T18:30Z,2023-10-18T19:00Z,78,76,low
2023-10-18T19:00Z,2023-10-18T19:30Z,73,71,low
2023-10-18T19:30Z,2023-10-18T20:00Z,69,62,low
2023-10-18T20:00Z,2023-10-18T20:30Z,70,59,low
2023-10-18T20:30Z,2023-10-18T21:00Z,67,61,low
2023-10-18T21:00Z,2023-10-18T21:30Z,63,59,low
2023-10-18T21:30Z,2023-10-18T22:00Z,62,61,low
2023-10-18T22:00Z,2023-10-18T22:30Z,60,52,low
2023-10-18T22:30Z,2023-10-18T23:00Z,58,55,low
2023-10-18T23:00Z,2023-10-18T23:30Z,56,54,low
2023-10-18T23:30Z,2023-10-19T00:00Z,56,58,low
2023-10-19T00:00Z,2023-10-19T00:30Z,58,65,low
2023-10-19T00:30Z,2023-10-19T01:00Z,57,70,low
2023-10-19T01:00Z,2023-10-19T01:30Z,58,61,low
2023-10-19T01:30Z,2023-10-19T02:00Z,57,58,low
2023-10-19T02:00Z,2023-10-19T02:30Z,58,58,low
2023-10-19T02:30Z,2023-10-19T03:00Z,59,54,low
2023-10-19T03:00Z,2023-10-19T03:30Z,60,61,low
2023-10-19T03:30Z,2023-10-19T04:00Z,61,61,low
2023-10-19T04:00Z,2023-10-19T04:30Z,63,72,low
2023-10-19T04:30Z,2023-10-19T05:00Z,66,81,low
2023-10-19T05:00Z,2023-10-19T05:30Z,70,96,low
2023-10-19T05:30Z,2023-10-19T06:00Z,71,116,low
2023-10-19T06:00Z,2023-10-19T06:30Z,72,131,moderate
2023-10-19T06:30Z,2023-10-19T07:00Z,74,143,moderate
2023-10-19T07:00Z,2023-10-19T07:30Z,72,140,moderate
2023-10-19T07:30Z,2023-10-19T08:00Z,71,137,moderate
2023-10-19T08:00Z,2023-10-19T08:30Z,73,136,moderate
2023-10-19T08:30Z,2023-10-19T09:00Z,73,136,moderate
2023-10-19T09:00Z,2023-10-19T09:30Z,78,136,moderate
2023-10-19T09:30Z,2023-10-19T10:00Z,79,133,moderate
2023-10-19T10:00Z,2023-10-19T10:30Z,74,136,moderate
2023-10-19T10:30Z,2023-10-19T11:00Z,78,135,moderate
2023-10-19T11:00Z,2023-10-19T11:30Z,82,132,moderate
2023-10-19T11:30Z,2023-10-19T12:00Z,83,133,moderate
2023-10-19T12:00Z,2023-10-19T12:30Z,77,128,moderate
2023-10-19T12:30Z,2023-10-19T13:00Z,76,131,moderate
2023-10-19T13:00Z,2023-10-19T13:30Z,79,141,moderate
2023-10-19T13:30Z,2023-10-19T14:00Z,82,132,moderate
2023-10-19T14:00Z,2023-10-19T14:30Z,95,137,moderate
2023-10-19T14:30Z,2023-10-19T15:00Z,99,143,moderate
2023-10-19T15:00Z,2023-10-19T15:30Z,113,153,moderate
2023-10-19T15:30Z,2023-10-19T16:00Z,126,162,moderate
2023-10-19T16:00Z,2023-10-19T16:30Z,132,170,moderate
2023-10-19T16:30Z,2023-10-19T17:00Z,134,172,moderate
2023-10-19T17:00Z,2023-10-19T17:30Z,136,176,moderate
2023-10-19T17:30Z,2023-10-19T18:00Z,137,176,moderate
2023-10-19T18:00Z,2023-10-19T18:30Z,137,177,moderate
2023-10-19T18:30Z,2023-10-19T19:00Z,133,166,moderate
2023-10-19T19:00Z,2023-10-19T19:30Z,126,159,moderate
2023-10-19T19:30Z,2023-10-19T20:00Z,118,144,moderate
2023-10-19T20:00Z,2023-10-19T20:30Z,101,135,moderate
2023-10-19T20:30Z,2023-10-19T21:00Z,91,113,low
2023-10-19T21:00Z,2023-10-19T21:30Z,92,103,low
2023-10-19T21:30Z,2023-10-19T22:00Z,90,88,low
2023-10-19T22:00Z,2023-10-19T22:30Z,85,77,low
2023-10-19T22:30Z,2023-10-19T23:00Z,85,72,low
2023-10-19T23:00Z,2023-10-19T23:30Z,83,68,low
2023-10-19T23:30Z,2023-10-20T00:00Z,82,65,low
2023-10-20T00:00Z,2023-10-20T00:30Z,82,69,low
2023-10-20T00:30Z,2023-10-20T01:00Z,80,72,low
2023-10-20T01:00Z,2023-10-20T01:30Z,79,69,low
2023-10-20T01:30Z,2023-10-20T02:00Z,76,70,low
2023-10-20T02:00Z,2023-10-20T02:30Z,75,65,low
2023-10-20T02:30Z,2023-10-20T03:00Z,74,68,low
2023-10-20T03:00Z,2023-10-20T03:30Z,73,66,low
2023-10-20T03:30Z,2023-10-20T04:00Z,70,64,low
2023-10-20T04:00Z,2023-10-20T04:30Z,69,69,low
2023-10-20T04:30Z,2023-10-20T05:00Z,70,76,low
2023-10-20T05:00Z,2023-10-20T05:30Z,70,86,low
2023-10-20T05:30Z,2023-10-20T06:00Z,71,85,low
2023-10-20T06:00Z,2023-10-20T06:30Z,70,90,low
2023-10-20T06:30Z,2023-10-20T07:00Z,72,86,low
2023-10-20T07:00Z,2023-10-20T07:30Z,70,87,low
2023-10-20T07:30Z,2023-10-20T08:00Z,71,85,low
2023-10-20T08:00Z,2023-10-20T08:30Z,68,87,low
2023-10-20T08:30Z,2023-10-20T09:00Z,63,85,low
2023-10-20T09:00Z,2023-10-20T09:30Z,63,85,low
2023-10-20T09:30Z,2023-10-20T10:00Z,64,88,low
2023-10-20T10:00Z,2023-10-20T10:30Z,61,90,low
2023-10-20T10:30Z,2023-10-20T11:00Z,64,92,low
2023-10-20T11:00Z,2023-10-20T11:30Z,64,92,low
2023-10-20T11:30Z,2023-10-20T12:00Z,64,89,low
2023-10-20T12:00Z,2023-10-20T12:30Z,63,83,low
2023-10-20T12:30Z,2023-10-20T13:00Z,62,77,low
2023-10-20T13:00Z,2023-10-20T13:30Z,62,75,low
2023-10-20T13:30Z,2023-10-20T14:00Z,62,80,low
2023-10-20T14:00Z,2023-10-20T14:30Z,62,88,low
2023-10-20T14:30Z,2023-10-20T15:00Z,63,93,low
2023-10-20T15:00Z,2023-10-20T15:30Z,64,103,low
2023-10-20T15:30Z,2023-10-20T16:00Z,67,110,low
2023-10-20T16:00Z,2023-10-20T16:30Z,66,112,low
2023-10-20T16:30Z,2023-10-20T17:00Z,67,113,low
2023-10-20T17:00Z,2023-10-20T17:30Z,69,110,low
2023-10-20T17:30Z,2023-10-20T18:00Z,70,103,low
2023-10-20T18:00Z,2023-10-20T18:30Z,70,105,low
2023-10-20T18:30Z,2023-10-20T19:00Z,70,101,low
2023-10-20T19:00Z,2023-10-20T19:30Z,70,92,low
2023-10-20T19:30Z,2023-10-20T20:00Z,72,85,low
2023-10-20T20:00Z,2023-10-20T20:30Z,69,89,low
2023-10-20T20:30Z,2023-10-20T21:00Z,68,90,low
2023-10-20T21:00Z,2023-10-20T21:30Z,68,89,low
2023-10-20T21:30Z,2023-10-20T22:00Z,65,100,low
2023-10-22T19:30Z,2023-10-22T20:00Z,263,261,high
2023-10-22T20:00Z,2023-10-22T20:30Z,267,256,high
2023-10-22T20:30Z,2023-10-22T21:00Z,271,252,high
2023-10-22T21:00Z,2023-10-22T21:30Z,264,248,high
2023-10-22T21:30Z,2023-10-22T22:00Z,249,236,high
2023-10-22T22:00Z,2023-10-22T22:30Z,243,235,high
2023-10-22T22:30Z,2023-10-22T23:00Z,241,235,high
2023-10-22T23:00Z,2023-10-22T23:30Z,241,232,high
2023-10-22T23:30Z,2023-10-23T00:00Z,242,233,high
2023-10-23T00:00Z,2023-10-23T00:30Z,245,235,high
2023-10-23T00:30Z,2023-10-23T01:00Z,243,233,high
2023-10-23T01:00Z,2023-10-23T01:30Z,240,232,high
2023-10-23T01:30Z,2023-10-23T02:00Z,237,224,high
2023-10-23T02:00Z,2023-10-23T02:30Z,235,225,high
2023-10-23T02:30Z,2023-10-23T03:00Z,229,230,high
2023-10-23T03:00Z,2023-10-23T03:30Z,232,230,high
2023-10-23T03:30Z,2023-10-23T04:00Z,238,243,high
2023-10-23T04:00Z,2023-10-23T04:30Z,248,247,high
2023-10-23T04:30Z,2023-10-23T05:00Z,264,261,high
2023-10-23T05:00Z,2023-10-23T05:30Z,268,264,high
2023-10-23T05:30Z,2023-10-23T06:00Z,272,260,high
2023-10-23T06:00Z,2023-10-23T06:30Z,272,260,high
2023-10-23T06:30Z,2023-10-23T07:00Z,264,254,high
2023-10-23T07:00Z,2023-10-23T07:30Z,260,251,high
2023-10-23T07:30Z,2023-10-23T08:00Z,256,248,high
2023-10-23T08:00Z,2023-10-23T08:30Z,250,242,high
2023-10-23T08:30Z,2023-10-23T09:00Z,250,238,high
2023-10-23T09:00Z,2023-10-23T09:30Z,243,234,high
2023-10-23T09:30Z,2023-10-23T10:00Z,235,235,high
2023-10-23T10:00Z,2023-10-23T10:30Z,229,232,high
2023-10-23T10:30Z,2023-10-23T11:00Z,231,230,high
2023-10-23T11:00Z,2023-10-23T11:30Z,229,227,high
2023-10-23T11:30Z,2023-10-23T12:00Z,221,224,high
2023-10-23T12:00Z,2023-10-23T12:30Z,228,224,high
2023-10-23T12:30Z,2023-10-23T13:00Z,227,228,high
2023-10-23T13:00Z,2023-10-23T13:30Z,216,226,high
2023-10-23T13:30Z,2023-10-23T14:00Z,222,225,high
2023-10-23T14:00Z,2023-10-23T14:30Z,220,221,high
2023-10-23T14:30Z,2023-10-23T15:00Z,234,222,high
2023-10-23T15:00Z,2023-10-23T15:30Z,226,221,high
2023-10-23T15:30Z,2023-10-23T16:00Z,221,219,high
2023-10-23T16:00Z,2023-10-23T16:30Z,220,215,high
2023-10-23T16:30Z,2023-10-23T17:00Z,217,220,high
2023-10-23T17:00Z,2023-10-23T17:30Z,213,218,high
2023-10-23T17:30Z,2023-10-23T18:00Z,211,217,high
2023-10-23T18:00Z,2023-10-23T18:30Z,211,209,high
2023-10-23T18:30Z,2023-10-23T19:00Z,203,210,high
2023-10-23T19:00Z,2023-10-23T19:30Z,204,191,moderate
2023-10-23T19:30Z,2023-10-23T20:00Z,207,180,moderate
2023-10-23T20:00Z,2023-10-23T20:30Z,173,172,moderate
2023-10-23T20:30Z,2023-10-23T21:00Z,160,161,moderate
2023-10-23T21:00Z,2023-10-23T21:30Z,164,145,moderate
2023-10-23T21:30Z,2023-10-23T22:00Z,148,108,low
2023-10-23T22:00Z,2023-10-23T22:30Z,149,107,low
2023-10-23T22:30Z,2023-10-23T23:00Z,111,111,low
2023-10-23T23:00Z,2023-10-23T23:30Z,105,116,low
2023-10-23T23:30Z,2023-10-24T00:00Z,108,105,low
2023-10-24T00:00Z,2023-10-24T00:30Z,116,107,low
2023-10-24T00:30Z,2023-10-24T01:00Z,107,110,low
2023-10-24T01:00Z,2023-10-24T01:30Z,106,112,low
2023-10-24T01:30Z,2023-10-24T02:00Z,113,113,low
2023-10-24T02:00Z,2023-10-24T02:30Z,112,116,low
2023-10-24T02:30Z,2023-10-24T03:00Z,118,116,low
2023-10-24T03:00Z,2023-10-24T03:30Z,113,118,low
2023-10-24T03:30Z,2023-10-24T04:00Z,121,134,moderate
2023-10-24T04:00Z,2023-10-24T04:30Z,120,148,moderate
2023-10-24T04:30Z,2023-10-24T05:00Z,148,190,moderate
2023-10-24T05:00Z,2023-10-24T05:30Z,158,208,high
2023-10-24T05:30Z,2023-10-24T06:00Z,205,223,high
2023-10-24T06:00Z,2023-10-24T06:30Z,226,230,high
2023-10-24T06:30Z,2023-10-24T07:00Z,230,227,high
2023-10-24T07:00Z,2023-10-24T07:30Z,234,232,high
2023-10-24T07:30Z,2023-10-24T08:00Z,229,228,high
2023-10-24T08:00Z,2023-10-24T08:30Z,234,218,high
2023-10-24T08:30Z,2023-10-24T09:00Z,231,220,high
2023-10-24T09:00Z,2023-10-24T09:30Z,220,222,high
2023-10-24T09:30Z,2023-10-24T10:00Z,221,222,high
2023-10-24T10:00Z,2023-10-24T10:30Z,217,220,high
2023-10-24T10:30Z,2023-10-24T11:00Z,219,215,high
2023-10-24T11:00Z,2023-10-24T11:30Z,222,216,high
2023-10-24T11:30Z,2023-10-24T12:00Z,215,212,high
2023-10-24T12:00Z,2023-10-24T12:30Z,219,213,high
2023-10-24T12:30Z,2023-10-24T13:00Z,218,213,high
2023-10-24T13:00Z,2023-10-24T13:30Z,218,215,high
2023-10-24T13:30Z,2023-10-24T14:00Z,221,219,high
2023-10-24T14:00Z,2023-10-24T14:30Z,227,227,high
2023-10-24T14:30Z,2023-10-24T15:00Z,235,235,high
2023-10-24T15:00Z,2023-10-24T15:30Z,232,235,high
2023-10-24T15:30Z,2023-10-24T16:00Z,235,234,high
2023-10-24T16:00Z,2023-10-24T16:30Z,238,241,high
2023-10-24T16:30Z,2023-10-24T17:00Z,241,231,high
2023-10-24T17:00Z,2023-10-24T17:30Z,245,231,high
2023-10-24T17:30Z,2023-10-24T18:00Z,237,232,high
2023-10-24T18:00Z,2023-10-24T18:30Z,237,237,high
2023-10-24T18:30Z,2023-10-24T19:00Z,237,240,high
2023-10-24T19:00Z,2023-10-24T19:30Z,242,237,high
2023-10-24T19:30Z,2023-10-24T20:00Z,245,234,high
2023-10-24T20:00Z,2023-10-24T20:30Z,243,226,high
2023-10-24T20:30Z,2023-10-24T21:00Z,238,210,high
2023-10-24T21:00Z,2023-10-24T21:30Z,237,207,high
2023-10-24T21:30Z,2023-10-24T22:00Z,223,195,moderate
2023-10-24T22:00Z,2023-10-24T22:30Z,221,184,moderate
2023-10-24T22:30Z,2023-10-24T23:00Z,201,185,moderate
2023-10-24T23:00Z,2023-10-24T23:30Z,189,185,moderate
2023-10-24T23:30Z,2023-10-25T00:00Z,192,187,moderate
2023-10-25T00:00Z,2023-10-25T00:30Z,192,188,moderate
2023-10-25T00:30Z,2023-10-25T01:00Z,197,194,moderate
2023-10-25T01:00Z,2023-10-25T01:30Z,193,198,moderate
2023-10-25T01:30Z,2023-10-25T02:00Z,198,195,moderate
2023-10-25T02:00Z,2023-10-25T02:30Z,200,195,moderate
2023-10-25T02:30Z,2023-10-25T03:00Z,198,193,moderate
2023-10-25T03:00Z,2023-10-25T03:30Z,196,195,moderate
2023-10-25T03:30Z,2023-10-25T04:00Z,194,197,moderate
2023-10-25T04:00Z,2023-10-25T04:30Z,206,204,high
2023-10-25T04:30Z,2023-10-25T05:00Z,206,218,high
2023-10-25T05:00Z,2023-10-25T05:30Z,223,231,high
2023-10-25T05:30Z,2023-10-25T06:00Z,232,239,high
2023-10-25T06:00Z,2023-10-25T06:30Z,239,243,high
2023-10-25T06:30Z,2023-10-25T07:00Z,247,247,high
2023-10-25T07:00Z,2023-10-25T07:30Z,238,248,high
2023-10-25T07:30Z,2023-10-25T08:00Z,250,248,high
2023-10-25T08:00Z,2023-10-25T08:30Z,249,244,high
2023-10-25T08:30Z,2023-10-25T09:00Z,250,241,high
2023-10-25T09:00Z,2023-10-25T09:30Z,243,237,high
2023-10-25T09:30Z,2023-10-25T10:00Z,238,231,high
2023-10-25T10:00Z,2023-10-25T10:30Z,232,228,high
2023-10-25T10:30Z,2023-10-25T11:00Z,230,223,high
2023-10-25T11:00Z,2023-10-25T11:30Z,227,220,high
2023-10-25T11:30Z,2023-10-25T12:00Z,225,217,high
2023-10-25T12:00Z,2023-10-25T12:30Z,226,213,high
2023-10-25T12:30Z,2023-10-25T13:00Z,225,212,high
2023-10-25T13:00Z,2023-10-25T13:30Z,223,210,high
2023-10-25T13:30Z,2023-10-25T14:00Z,216,218,high
2023-10-25T14:00Z,2023-10-25T14:30Z,218,221,high
2023-10-25T14:30Z,2023-10-25T15:00Z,230,224,high
2023-10-25T15:00Z,2023-10-25T15:30Z,232,233,high
2023-10-25T15:30Z,2023-10-25T16:00Z,233,238,high
2023-10-25T16:00Z,2023-10-25T16:30Z,244,242,high
2023-10-25T16:30Z,2023-10-25T17:00Z,249,245,high
2023-10-25T17:00Z,2023-10-25T17:30Z,249,246,high
2023-10-25T17:30Z,2023-10-25T18:00Z,252,252,high
2023-10-25T18:00Z,2023-10-25T18:30Z,256,246,high
2023-10-25T18:30Z,2023-10-25T19:00Z,259,244,high
2023-10-25T19:00Z,2023-10-25T19:30Z,258,239,high
2023-10-25T19:30Z,2023-10-25T20:00Z,257,234,high
2023-10-25T20:00Z,2023-10-25T20:30Z,248,224,high
2023-10-25T20:30Z,2023-10-25T21:00Z,243,216,high
2023-10-25T21:00Z,2023-10-25T21:30Z,230,207,high
2023-10-25T21:30Z,2023-10-25T22:00Z,211,181,moderate
2023-10-25T22:00Z,2023-10-25T22:30Z,202,180,moderate
2023-10-25T22:30Z,2023-10-25T23:00Z,187,178,moderate
2023-10-25T23:00Z,2023-10-25T23:30Z,185,176,moderate
2023-10-25T23:30Z,2023-10-26T00:00Z,189,175,moderate
2023-10-26T00:00Z,2023-10-26T00:30Z,189,169,moderate
2023-10-26T00:30Z,2023-10-26T01:00Z,190,175,moderate
2023-10-26T01:00Z,2023-10-26T01:30Z,180,175,moderate
2023-10-26T01:30Z,2023-10-26T02:00Z,182,174,moderate
2023-10-26T02:00Z,2023-10-26T02:30Z,183,174,moderate
2023-10-26T02:30Z,2023-10-26T03:00Z,182,174,moderate
2023-10-26T03:00Z,2023-10-26T03:30Z,179,172,moderate
2023-10-26T03:30Z,2023-10-26T04:00Z,189,188,moderate
2023-10-26T04:00Z,2023-10-26T04:30Z,190,195,moderate
2023-10-26T04:30Z,2023-10-26T05:00Z,198,228,high
2023-10-26T05:00Z,2023-10-26T05:30Z,213,232,high
2023-10-26T05:30Z,2023-10-26T06:00Z,236,233,high
2023-10-26T06:00Z,2023-10-26T06:30Z,236,236,high
2023-10-26T06:30Z,2023-10-26T07:00Z,238,231,high
2023-10-26T07:00Z,2023-10-26T07:30Z,226,228,high
2023-10-26T07:30Z,2023-10-26T08:00Z,228,219,high
2023-10-26T08:00Z,2023-10-26T08:30Z,226,216,high
2023-10-26T08:30Z,2023-10-26T09:00Z,222,215,high
2023-10-26T09:00Z,2023-10-26T09:30Z,219,207,high
2023-10-26T09:30Z,2023-10-26T10:00Z,210,201,high
2023-10-26T10:00Z,2023-10-26T10:30Z,205,197,moderate
2023-10-26T10:30Z,2023-10-26T11:00Z,196,198,moderate
2023-10-26T11:00Z,2023-10-26T11:30Z,195,200,high
2023-10-26T11:30Z,2023-10-26T12:00Z,195,198,moderate
2023-10-26T12:00Z,2023-10-26T12:30Z,196,189,moderate
2023-10-26T12:30Z,2023-10-26T13:00Z,188,180,moderate
2023-10-26T13:00Z,2023-10-26T13:30Z,181,178,moderate
2023-10-26T13:30Z,2023-10-26T14:00Z,182,183,moderate
2023-10-26T14:00Z,2023-10-26T14:30Z,193,187,moderate
2023-10-26T14:30Z,2023-10-26T15:00Z,192,193,moderate
2023-10-26T15:00Z,2023-10-26T15:30Z,200,205,high
2023-10-26T15:30Z,2023-10-26T16:00Z,216,220,high
2023-10-26T16:00Z,2023-10-26T16:30Z,222,223,high
2023-10-26T16:30Z,2023-10-26T17:00Z,220,224,high
2023-10-26T17:00Z,2023-10-26T17:30Z,223,225,high
2023-10-26T17:30Z,2023-10-26T18:00Z,221,224,high
2023-10-26T18:00Z,2023-10-26T18:30Z,226,227,high
2023-10-26T18:30Z,2023-10-26T19:00Z,222,216,high
2023-10-26T19:00Z,2023-10-26T19:30Z,226,212,high
2023-10-26T19:30Z,2023-10-26T20:00Z,212,196,moderate
2023-10-26T20:00Z,2023-10-26T20:30Z,202,183,moderate
2023-10-26T20:30Z,2023-10-26T21:00Z,183,175,moderate
2023-10-26T21:00Z,2023-10-26T21:30Z,176,163,moderate
2023-10-26T21:30Z,2023-10-26T22:00Z,145,153,moderate
2023-10-26T22:00Z,2023-10-26T22:30Z,140,144,moderate
2023-10-26T22:30Z,2023-10-26T23:00Z,123,136,moderate
2023-10-26T23:00Z,2023-10-26T23:30Z,143,137,moderate
2023-10-26T23:30Z,2023-10-27T00:00Z,141,146,moderate
2023-10-27T00:00Z,2023-10-27T00:30Z,135,153,moderate
2023-10-27T00:30Z,2023-10-27T01:00Z,140,154,moderate
2023-10-27T01:00Z,2023-10-27T01:30Z,148,155,moderate
2023-10-27T01:30Z,2023-10-27T02:00Z,152,153,moderate
2023-10-27T02:00Z,2023-10-27T02:30Z,160,155,moderate
2023-10-27T02:30Z,2023-10-27T03:00Z,151,155,moderate
2023-10-27T03:00Z,2023-10-27T03:30Z,153,158,moderate
2023-10-27T03:30Z,2023-10-27T04:00Z,152,165,moderate
2023-10-27T04:00Z,2023-10-27T04:30Z,160,172,moderate
2023-10-27T04:30Z,2023-10-27T05:00Z,159,195,moderate
2023-10-27T05:00Z,2023-10-27T05:30Z,186,211,high
2023-10-27T05:30Z,2023-10-27T06:00Z,204,216,high
2023-10-27T06:00Z,2023-10-27T06:30Z,230,219,high
2023-10-27T06:30Z,2023-10-27T07:00Z,225,214,high
2023-10-27T07:00Z,2023-10-27T07:30Z,226,219,high
2023-10-27T07:30Z,2023-10-27T08:00Z,216,218,high
2023-10-27T08:00Z,2023-10-27T08:30Z,220,215,high
2023-10-27T08:30Z,2023-10-27T09:00Z,218,211,high
2023-10-27T09:00Z,2023-10-27T09:30Z,215,203,high
2023-10-27T09:30Z,2023-10-27T10:00Z,210,199,moderate
2023-10-27T10:00Z,2023-10-27T10:30Z,210,198,moderate
2023-10-27T10:30Z,2023-10-27T11:00Z,199,198,moderate
2023-10-27T11:00Z,2023-10-27T11:30Z,205,198,moderate
2023-10-27T11:30Z,2023-10-27T12:00Z,201,195,moderate
2023-10-27T12:00Z,2023-10-27T12:30Z,201,193,moderate
2023-10-27T12:30Z,2023-10-27T13:00Z,199,193,moderate
2023-10-27T13:00Z,2023-10-27T13:30Z,200,193,moderate
2023-10-27T13:30Z,2023-10-27T14:00Z,195,196,moderate
2023-10-27T14:00Z,2023-10-27T14:30Z,197,192,moderate
2023-10-27T14:30Z,2023-10-27T15:00Z,207,196,moderate
2023-10-27T15:00Z,2023-10-27T15:30Z,208,202,high
2023-10-27T15:30Z,2023-10-27T16:00Z,206,201,high
2023-10-27T16:00Z,2023-10-27T16:30Z,211,205,high
2023-10-27T16:30Z,2023-10-27T17:00Z,207,209,high
2023-10-27T17:00Z,2023-10-27T17:30Z,208,205,high
2023-10-27T17:30Z,2023-10-27T18:00Z,206,204,high
2023-10-27T18:00Z,2023-10-27T18:30Z,208,197,moderate
2023-10-27T18:30Z,2023-10-27T19:00Z,202,185,moderate
2023-10-27T19:00Z,2023-10-27T19:30Z,199,176,moderate
2023-10-27T19:30Z,2023-10-27T20:00Z,178,172,moderate
2023-10-27T20:00Z,2023-10-27T20:30Z,160,168,moderate
2023-10-27T20:30Z,2023-10-27T21:00Z,161,158,moderate
2023-10-27T21:00Z,2023-10-27T21:30Z,148,142,moderate
2023-10-27T21:30Z,2023-10-27T22:00Z,130,118,low
2023-10-27T22:00Z,2023-10-27T22:30Z,132,111,low
2023-10-27T22:30Z,2023-10-27T23:00Z,120,102,low
2023-10-27T23:00Z,2023-10-27T23:30Z,108,98,low
2023-10-27T23:30Z,2023-10-28T00:00Z,97,88,low
2023-10-28T00:00Z,2023-10-28T00:30Z,104,88,low
2023-10-28T00:30Z,2023-10-28T01:00Z,91,90,low
2023-10-28T01:00Z,2023-10-28T01:30Z,85,88,low
2023-10-28T01:30Z,2023-10-28T02:00Z,81,81,low
2023-10-28T02:00Z,2023-10-28T02:30Z,81,84,low
2023-10-28T02:30Z,2023-10-28T03:00Z,81,80,low
2023-10-28T03:00Z,2023-10-28T03:30Z,84,82,low
2023-10-28T03:30Z,2023-10-28T04:00Z,84,88,low
2023-10-28T04:00Z,2023-10-28T04:30Z,81,90,low
2023-10-28T04:30Z,2023-10-28T05:00Z,86,91,low
2023-10-28T05:00Z,2023-10-28T05:30Z,95,93,low
2023-10-28T05:30Z,2023-10-28T06:00Z,88,111,low
2023-10-28T06:00Z,2023-10-28T06:30Z,92,124,moderate
2023-10-28T06:30Z,2023-10-28T07:00Z,105,139,moderate
2023-10-28T07:00Z,2023-10-28T07:30Z,104,140,moderate
2023-10-28T07:30Z,2023-10-28T08:00Z,139,144,moderate
2023-10-28T08:00Z,2023-10-28T08:30Z,141,140,moderate
2023-10-28T08:30Z,2023-10-28T09:00Z,141,137,moderate
2023-10-28T09:00Z,2023-10-28T09:30Z,129,137,moderate
2023-10-28T09:30Z,2023-10-28T10:00Z,134,133,moderate
2023-10-28T10:00Z,2023-10-28T10:30Z,133,131,moderate
2023-10-28T10:30Z,2023-10-28T11:00Z,129,129,moderate
2023-10-28T11:00Z,2023-10-28T11:30Z,127,128,moderate
2023-10-28T11:30Z,2023-10-28T12:00Z,127,129,moderate
2023-10-28T12:00Z,2023-10-28T12:30Z,124,127,moderate
2023-10-28T12:30Z,2023-10-28T13:00Z,125,128,moderate
2023-10-28T13:00Z,2023-10-28T13:30Z,128,130,moderate
2023-10-28T13:30Z,2023-10-28T14:00Z,130,128,moderate
2023-10-28T14:00Z,2023-10-28T14:30Z,133,133,moderate
2023-10-28T14:30Z,2023-10-28T15:00Z,131,132,moderate
2023-10-28T15:00Z,2023-10-28T15:30Z,140,141,moderate
2023-10-28T15:30Z,2023-10-28T16:00Z,143,136,moderate
2023-10-28T16:00Z,2023-10-28T16:30Z,155,141,moderate
2023-10-28T16:30Z,2023-10-28T17:00Z,143,136,moderate
2023-10-28T17:00Z,2023-10-28T17:30Z,136,128,moderate
2023-10-28T17:30Z,2023-10-28T18:00Z,127,125,moderate
2023-10-28T18:00Z,2023-10-28T18:30Z,120,113,low
2023-10-28T18:30Z,2023-10-28T19:00Z,114,104,low
2023-10-28T19:00Z,2023-10-28T19:30Z,107,91,low
2023-10-28T19:30Z,2023-10-28T20:00Z,103,83,low
2023-10-28T20:00Z,2023-10-28T20:30Z,91,74,low
2023-10-28T20:30Z,2023-10-28T21:00Z,81,67,low
2023-10-28T21:00Z,2023-10-28T21:30Z,77,69,low
2023-10-28T21:30Z,2023-10-28T22:00Z,64,68,low
2023-10-28T22:00Z,2023-10-28T22:30Z,67,66,low
2023-10-28T22:30Z,2023-10-28T23:00Z,67,62,low
2023-10-28T23:00Z,2023-10-28T23:30Z,69,62,low
2023-10-28T23:30Z,2023-10-29T00:00Z,66,66,low
2023-10-29T00:00Z,2023-10-29T00:30Z,61,67,low
2023-10-29T00:30Z,2023-10-29T01:00Z,64,63,low
2023-10-29T01:00Z,2023-10-29T01:30Z,80,65,low
2023-10-29T01:30Z,2023-10-29T02:00Z,63,82,low
2023-10-29T02:00Z,2023-10-29T02:30Z,65,83,low
2023-10-29T02:30Z,2023-10-29T03:00Z,75,78,low
2023-10-29T03:00Z,2023-10-29T03:30Z,82,80,low
2023-10-29T03:30Z,2023-10-29T04:00Z,77,75,low
2023-10-29T04:00Z,2023-10-29T04:30Z,81,69,low
2023-10-29T04:30Z,2023-10-29T05:00Z,78,70,low
2023-10-29T05:00Z,2023-10-29T05:30Z,72,72,low
2023-10-29T05:30Z,2023-10-29T06:00Z,68,70,low
2023-10-29T06:00Z,2023-10-29T06:30Z,73,72,low
2023-10-29T06:30Z,2023-10-29T07:00Z,70,70,low
2023-10-29T07:00Z,2023-10-29T07:30Z,70,73,low
2023-10-29T07:30Z,2023-10-29T08:00Z,75,72,low
2023-10-29T08:00Z,2023-10-29T08:30Z,72,74,low
2023-10-29T08:30Z,2023-10-29T09:00Z,73,77,low
2023-10-29T09:00Z,2023-10-29T09:30Z,71,75,low
2023-10-29T09:30Z,2023-10-29T10:00Z,74,81,low
2023-10-29T10:00Z,2023-10-29T10:30Z,74,89,low
2023-10-29T10:30Z,2023-10-29T11:00Z,77,95,low
2023-10-29T11:00Z,2023-10-29T11:30Z,86,98,low
2023-10-29T11:30Z,2023-10-29T12:00Z,96,104,low
2023-10-29T12:00Z,2023-10-29T12:30Z,100,114,low
2023-10-29T12:30Z,2023-10-29T13:00Z,104,121,moderate
2023-10-29T13:00Z,2023-10-29T13:30Z,109,120,moderate
2023-10-29T13:30Z,2023-10-29T14:00Z,116,114,low
2023-10-29T14:00Z,2023-10-29T14:30Z,116,111,low
2023-10-29T14:30Z,2023-10-29T15:00Z,115,118,low
2023-10-29T15:00Z,2023-10-29T15:30Z,111,121,moderate
2023-10-29T15:30Z,2023-10-29T16:00Z,128,130,moderate
2023-10-29T16:00Z,2023-10-29T16:30Z,141,141,moderate
2023-10-29T16:30Z,2023-10-29T17:00Z,141,140,moderate
2023-10-29T17:00Z,2023-10-29T17:30Z,142,140,moderate
2023-10-29T17:30Z,2023-10-29T18:00Z,134,133,moderate
2023-10-29T18:00Z,2023-10-29T18:30Z,129,127,moderate
2023-10-29T18:30Z,2023-10-29T19:00Z,124,116,low
2023-10-29T19:00Z,2023-10-29T19:30Z,116,96,low
2023-10-29T19:30Z,2023-10-29T20:00Z,106,83,low
2023-10-29T20:00Z,2023-10-29T20:30Z,97,72,low
2023-10-29T20:30Z,2023-10-29T21:00Z,86,71,low
2023-10-29T21:00Z,2023-10-29T21:30Z,84,68,low
2023-10-29T21:30Z,2023-10-29T22:00Z,69,62,low
2023-10-29T22:00Z,2023-10-29T22:30Z,68,66,low
2023-10-29T22:30Z,2023-10-29T23:00Z,64,66,low
2023-10-29T23:00Z,2023-10-29T23:30Z,66,67,low
2023-10-29T23:30Z,2023-10-30T00:00Z,65,68,low
2023-10-30T00:00Z,2023-10-30T00:30Z,66,68,low
2023-10-30T00:30Z,2023-10-30T01:00Z,67,67,low
2023-10-30T01:00Z,2023-10-30T01:30Z,65,67,low
2023-10-30T01:30Z,2023-10-30T02:00Z,64,67,low
2023-10-30T02:00Z,2023-10-30T02:30Z,62,71,low
2023-10-30T02:30Z,2023-10-30T03:00Z,62,81,low
2023-10-30T03:00Z,2023-10-30T03:30Z,69,80,low
2023-10-30T03:30Z,2023-10-30T04:00Z,78,90,low
2023-10-30T04:00Z,2023-10-30T04:30Z,78,94,low
2023-10-30T04:30Z,2023-10-30T05:00Z,86,104,low
2023-10-30T05:00Z,2023-10-30T05:30Z,95,109,low
2023-10-30T05:30Z,2023-10-30T06:00Z,101,114,low
2023-10-30T06:00Z,2023-10-30T06:30Z,102,142,moderate
2023-10-30T06:30Z,2023-10-30T07:00Z,125,163,moderate
2023-10-30T07:00Z,2023-10-30T07:30Z,152,168,moderate
2023-10-30T07:30Z,2023-10-30T08:00Z,156,166,moderate
2023-10-30T08:00Z,2023-10-30T08:30Z,170,169,moderate
2023-10-30T08:30Z,2023-10-30T09:00Z,184,177,moderate
2023-10-30T09:00Z,2023-10-30T09:30Z,175,174,moderate
2023-10-30T09:30Z,2023-10-30T10:00Z,184,174,moderate
2023-10-30T10:00Z,2023-10-30T10:30Z,187,173,moderate
2023-10-30T10:30Z,2023-10-30T11:00Z,187,170,moderate
2023-10-30T11:00Z,2023-10-30T11:30Z,185,171,moderate
2023-10-30T11:30Z,2023-10-30T12:00Z,184,175,moderate
2023-10-30T12:00Z,2023-10-30T12:30Z,191,179,moderate
2023-10-30T12:30Z,2023-10-30T13:00Z,190,186,moderate
2023-10-30T13:00Z,2023-10-30T13:30Z,198,192,moderate
2023-10-30T13:30Z,2023-10-30T14:00Z,202,199,moderate
2023-10-30T14:00Z,2023-10-30T14:30Z,205,204,high
2023-10-30T14:30Z,2023-10-30T15:00Z,208,209,high
2023-10-30T15:00Z,2023-10-30T15:30Z,220,220,high
2023-10-30T15:30Z,2023-10-30T16:00Z,225,222,high
2023-10-30T16:00Z,2023-10-30T16:30Z,232,226,high
2023-10-30T16:30Z,2023-10-30T17:00Z,230,220,high
2023-10-30T17:00Z,2023-10-30T17:30Z,234,221,high
2023-10-30T17:30Z,2023-10-30T18:00Z,236,218,high
2023-10-30T18:00Z,2023-10-30T18:30Z,225,218,high
2023-10-30T18:30Z,2023-10-30T19:00Z,226,214,high
2023-10-30T19:00Z,2023-10-30T19:30Z,226,214,high
2023-10-30T19:30Z,2023-10-30T20:00Z,223,217,high
2023-10-30T20:00Z,2023-10-30T20:30Z,218,203,high
2023-10-30T20:30Z,2023-10-30T21:00Z,220,185,moderate
2023-10-30T21:00Z,2023-10-30T21:30Z,213,161,moderate
2023-10-30T21:30Z,2023-10-30T22:00Z,206,146,moderate
2023-10-30T22:00Z,2023-10-30T22:30Z,192,132,moderate
2023-10-30T22:30Z,2023-10-30T23:00Z,141,118,low
2023-10-30T23:00Z,2023-10-30T23:30Z,135,108,low
2023-10-30T23:30Z,2023-10-31T00:00Z,125,104,low
2023-10-31T00:00Z,2023-10-31T00:30Z,120,107,low
2023-10-31T00:30Z,2023-10-31T01:00Z,117,116,low
2023-10-31T01:00Z,2023-10-31T01:30Z,117,107,low
2023-10-31T01:30Z,2023-10-31T02:00Z,124,103,low
2023-10-31T02:00Z,2023-10-31T02:30Z,117,103,low
2023-10-31T02:30Z,2023-10-31T03:00Z,111,101,low
2023-10-31T03:00Z,2023-10-31T03:30Z,113,100,low
2023-10-31T03:30Z,2023-10-31T04:00Z,105,105,low
2023-10-31T04:00Z,2023-10-31T04:30Z,106,113,low
2023-10-31T04:30Z,2023-10-31T05:00Z,110,114,low
2023-10-31T05:00Z,2023-10-31T05:30Z,123,128,moderate
2023-10-31T05:30Z,2023-10-31T06:00Z,132,149,moderate
2023-10-31T06:00Z,2023-10-31T06:30Z,157,168,moderate
2023-10-31T06:30Z,2023-10-31T07:00Z,177,183,moderate
2023-10-31T07:00Z,2023-10-31T07:30Z,171,188,moderate
2023-10-31T07:30Z,2023-10-31T08:00Z,192,191,moderate
2023-10-31T08:00Z,2023-10-31T08:30Z,194,193,moderate
2023-10-31T08:30Z,2023-10-31T09:00Z,205,196,moderate
2023-10-31T09:00Z,2023-10-31T09:30Z,207,189,moderate
2023-10-31T09:30Z,2023-10-31T10:00Z,205,185,moderate
2023-10-31T10:00Z,2023-10-31T10:30Z,200,181,moderate
2023-10-31T10:30Z,2023-10-31T11:00Z,196,175,moderate
2023-10-31T11:00Z,2023-10-31T11:30Z,193,174,moderate
2023-10-31T11:30Z,2023-10-31T12:00Z,186,177,moderate
2023-10-31T12:00Z,2023-10-31T12:30Z,187,178,moderate
2023-10-31T12:30Z,2023-10-31T13:00Z,187,183,moderate
2023-10-31T13:00Z,2023-10-31T13:30Z,188,189,moderate
2023-10-31T13:30Z,2023-10-31T14:00Z,189,194,moderate
2023-10-31T14:00Z,2023-10-31T14:30Z,201,195,moderate
2023-10-31T14:30Z,2023-10-31T15:00Z,209,197,moderate
2023-10-31T15:00Z,2023-10-31T15:30Z,209,205,high
2023-10-31T15:30Z,2023-10-31T16:00Z,210,208,high
2023-10-31T16:00Z,2023-10-31T16:30Z,211,205,high
2023-10-31T16:30Z,2023-10-31T17:00Z,219,202,high
2023-10-31T17:00Z,2023-10-31T17:30Z,215,199,moderate
2023-10-31T17:30Z,2023-10-31T18:00Z,208,202,high
2023-10-31T18:00Z,2023-10-31T18:30Z,209,201,high
2023-10-31T18:30Z,2023-10-31T19:00Z,212,201,high
2023-10-31T19:00Z,2023-10-31T19:30Z,211,191,moderate
2023-10-31T19:30Z,2023-10-31T20:00Z,210,184,moderate
2023-10-31T20:00Z,2023-10-31T20:30Z,198,174,moderate
2023-10-31T20:30Z,2023-10-31T21:00Z,187,162,moderate
2023-10-31T21:00Z,2023-10-31T21:30Z,178,150,moderate
2023-10-31T21:30Z,2023-10-31T22:00Z,165,137,moderate
2023-10-31T22:00Z,2023-10-31T22:30Z,147,115,low
2023-10-31T22:30Z,2023-10-31T23:00Z,131,109,low
2023-10-31T23:00Z,2023-10-31T23:30Z,103,101,low
2023-10-31T23:30Z,2023-11-01T00:00Z,98,105,low
2023-11-01T00:00Z,2023-11-01T00:30Z,97,103,low
2023-11-01T00:30Z,2023-11-01T01:00Z,97,108,low
2023-11-01T01:00Z,2023-11-01T01:30Z,98,99,low
2023-11-01T01:30Z,2023-11-01T02:00Z,104,104,low
2023-11-01T02:00Z,2023-11-01T02:30Z,96,98,low
2023-11-01T02:30Z,2023-11-01T03:00Z,104,100,low
2023-11-01T03:00Z,2023-11-01T03:30Z,100,88,low
2023-11-01T03:30Z,2023-11-01T04:00Z,94,78,low
2023-11-01T04:00Z,2023-11-01T04:30Z,69,66,low
2023-11-01T04:30Z,2023-11-01T05:00Z,81,62,low
2023-11-01T05:00Z,2023-11-01T05:30Z,70,69,low
2023-11-01T05:30Z,2023-11-01T06:00Z,59,68,low
2023-11-01T06:00Z,2023-11-01T06:30Z,66,71,low
2023-11-01T06:30Z,2023-11-01T07:00Z,65,78,low
2023-11-01T07:00Z,2023-11-01T07:30Z,67,80,low
2023-11-01T07:30Z,2023-11-01T08:00Z,77,77,low
2023-11-01T08:00Z,2023-11-01T08:30Z,73,75,low
2023-11-01T08:30Z,2023-11-01T09:00Z,74,72,low
2023-11-01T09:00Z,2023-11-01T09:30Z,72,68,low
2023-11-01T09:30Z,2023-11-01T10:00Z,72,65,low
2023-11-01T10:00Z,2023-11-01T10:30Z,74,65,low
2023-11-01T10:30Z,2023-11-01T11:00Z,67,64,low
2023-11-01T11:00Z,2023-11-01T11:30Z,67,63,low
2023-11-01T11:30Z,2023-11-01T12:00Z,66,50,low
2023-11-01T12:00Z,2023-11-01T12:30Z,64,50,low
2023-11-01T12:30Z,2023-11-01T13:00Z,61,50,low
2023-11-01T13:00Z,2023-11-01T13:30Z,60,49,low
2023-11-01T13:30Z,2023-11-01T14:00Z,63,50,low
2023-11-01T14:00Z,2023-11-01T14:30Z,62,53,low
2023-11-01T14:30Z,2023-11-01T15:00Z,63,60,low
2023-11-01T15:00Z,2023-11-01T15:30Z,66,68,low
2023-11-01T15:30Z,2023-11-01T16:00Z,69,78,low
2023-11-01T16:00Z,2023-11-01T16:30Z,75,96,low
2023-11-01T16:30Z,2023-11-01T17:00Z,91,104,low
2023-11-01T17:00Z,2023-11-01T17:30Z,113,98,low
2023-11-01T17:30Z,2023-11-01T18:00Z,118,93,low
2023-11-01T18:00Z,2023-11-01T18:30Z,108,92,low
2023-11-01T18:30Z,2023-11-01T19:00Z,107,90,low
2023-11-01T19:00Z,2023-11-01T19:30Z,106,86,low
2023-11-01T19:30Z,2023-11-01T20:00Z,99,89,low
2023-11-01T20:00Z,2023-11-01T20:30Z,102,91,low
2023-11-01T20:30Z,2023-11-01T21:00Z,97,74,low
2023-11-01T21:00Z,2023-11-01T21:30Z,89,53,low
2023-11-01T21:30Z,2023-11-01T22:00Z,81,51,low
2023-11-01T22:00Z,2023-11-01T22:30Z,65,55,low
2023-11-01T22:30Z,2023-11-01T23:00Z,71,58,low
2023-11-01T23:00Z,2023-11-01T23:30Z,60,59,low
2023-11-01T23:30Z,2023-11-02T00:00Z,60,62,low
2023-11-02T00:00Z,2023-11-02T00:30Z,63,66,low
2023-11-02T00:30Z,2023-11-02T01:00Z,70,64,low
2023-11-02T01:00Z,2023-11-02T01:30Z,69,58,low
2023-11-02T01:30Z,2023-11-02T02:00Z,68,56,low
2023-11-02T02:00Z,2023-11-02T02:30Z,60,55,low
2023-11-02T02:30Z,2023-11-02T03:00Z,59,57,low
2023-11-02T03:00Z,2023-11-02T03:30Z,61,58,low
2023-11-02T03:30Z,2023-11-02T04:00Z,59,59,low
2023-11-02T04:00Z,2023-11-02T04:30Z,60,57,low
2023-11-02T04:30Z,2023-11-02T05:00Z,61,61,low
2023-11-02T05:00Z,2023-11-02T05:30Z,65,64,low
2023-11-02T05:30Z,2023-11-02T06:00Z,66,71,low
2023-11-02T06:00Z,2023-11-02T06:30Z,65,81,low
2023-11-02T06:30Z,2023-11-02T07:00Z,88,84,low
2023-11-02T07:00Z,2023-11-02T07:30Z,116,88,low
2023-11-02T07:30Z,2023-11-02T08:00Z,102,96,low
2023-11-02T08:00Z,2023-11-02T08:30Z,108,100,low
2023-11-02T08:30Z,2023-11-02T09:00Z,109,99,low
2023-11-02T09:00Z,2023-11-02T09:30Z,114,102,low
2023-11-02T09:30Z,2023-11-02T10:00Z,111,101,low
2023-11-02T10:00Z,2023-11-02T10:30Z,107,106,low
2023-11-02T10:30Z,2023-11-02T11:00Z,113,114,low
2023-11-02T11:00Z,2023-11-02T11:30Z,115,115,low
2023-11-02T11:30Z,2023-11-02T12:00Z,119,111,low
2023-11-02T12:00Z,2023-11-02T12:30Z,109,103,low
2023-11-02T12:30Z,2023-11-02T13:00Z,102,105,low
2023-11-02T13:00Z,2023-11-02T13:30Z,97,110,low
2023-11-02T13:30Z,2023-11-02T14:00Z,98,122,moderate
2023-11-02T14:00Z,2023-11-02T14:30Z,96,108,low
2023-11-02T14:30Z,2023-11-02T15:00Z,108,107,low
2023-11-02T15:00Z,2023-11-02T15:30Z,113,113,low
2023-11-02T15:30Z,2023-11-02T16:00Z,111,111,low
2023-11-02T16:00Z,2023-11-02T16:30Z,113,117,low
2023-11-02T16:30Z,2023-11-02T17:00Z,117,117,low
2023-11-02T17:00Z,2023-11-02T17:30Z,117,118,low
2023-11-02T17:30Z,2023-11-02T18:00Z,118,105,low
2023-11-02T18:00Z,2023-11-02T18:30Z,105,101,low
2023-11-02T18:30Z,2023-11-02T19:00Z,89,95,low
2023-11-02T19:00Z,2023-11-02T19:30Z,95,91,low
2023-11-02T19:30Z,2023-11-02T20:00Z,91,86,low
2023-11-02T20:00Z,2023-11-02T20:30Z,75,75,low
2023-11-02T20:30Z,2023-11-02T21:00Z,78,64,low
2023-11-02T21:00Z,2023-11-02T21:30Z,75,54,low
2023-11-02T21:30Z,2023-11-02T22:00Z,68,50,low
2023-11-02T22:00Z,2023-11-02T22:30Z,68,51,low
2023-11-02T22:30Z,2023-11-02T23:00Z,50,57,low
2023-11-02T23:00Z,2023-11-02T23:30Z,52,56,low
2023-11-02T23:30Z,2023-11-03T00:00Z,56,56,low
2023-11-03T00:00Z,2023-11-03T00:30Z,56,63,low
2023-11-03T00:30Z,2023-11-03T01:00Z,56,63,low
2023-11-03T01:00Z,2023-11-03T01:30Z,59,62,low
2023-11-03T01:30Z,2023-11-03T02:00Z,63,61,low
2023-11-03T02:00Z,2023-11-03T02:30Z,58,60,low
2023-11-03T02:30Z,2023-11-03T03:00Z,60,57,low
2023-11-03T03:00Z,2023-11-03T03:30Z,57,57,low
2023-11-03T03:30Z,2023-11-03T04:00Z,51,59,low
2023-11-03T04:00Z,2023-11-03T04:30Z,56,57,low
2023-11-03T04:30Z,2023-11-03T05:00Z,56,62,low
2023-11-03T05:00Z,2023-11-03T05:30Z,55,66,low
2023-11-03T05:30Z,2023-11-03T06:00Z,58,74,low
2023-11-03T06:00Z,2023-11-03T06:30Z,59,90,low
2023-11-03T06:30Z,2023-11-03T07:00Z,62,94,low
2023-11-03T07:00Z,2023-11-03T07:30Z,67,99,low
2023-11-03T07:30Z,2023-11-03T08:00Z,98,91,low
2023-11-03T08:00Z,2023-11-03T08:30Z,88,91,low
2023-11-03T08:30Z,2023-11-03T09:00Z,95,90,low
2023-11-03T09:00Z,2023-11-03T09:30Z,84,89,low
2023-11-03T09:30Z,2023-11-03T10:00Z,87,86,low
2023-11-03T10:00Z,2023-11-03T10:30Z,82,83,low
2023-11-03T10:30Z,2023-11-03T11:00Z,81,84,low
2023-11-03T11:00Z,2023-11-03T11:30Z,73,79,low
2023-11-03T11:30Z,2023-11-03T12:00Z,90,72,low
2023-11-03T12:00Z,2023-11-03T12:30Z,80,73,low
2023-11-03T12:30Z,2023-11-03T13:00Z,75,72,low
2023-11-03T13:00Z,2023-11-03T13:30Z,72,75,low
2023-11-03T13:30Z,2023-11-03T14:00Z,73,89,low
2023-11-03T14:00Z,2023-11-03T14:30Z,81,95,low
2023-11-03T14:30Z,2023-11-03T15:00Z,80,107,low
2023-11-03T15:00Z,2023-11-03T15:30Z,99,119,low
2023-11-03T15:30Z,2023-11-03T16:00Z,107,128,moderate
2023-11-03T16:00Z,2023-11-03T16:30Z,164,138,moderate
2023-11-03T16:30Z,2023-11-03T17:00Z,138,148,moderate
2023-11-03T17:00Z,2023-11-03T17:30Z,135,155,moderate
2023-11-03T17:30Z,2023-11-03T18:00Z,144,160,moderate
2023-11-03T18:00Z,2023-11-03T18:30Z,145,161,moderate
2023-11-03T18:30Z,2023-11-03T19:00Z,156,162,moderate
2023-11-03T19:00Z,2023-11-03T19:30Z,156,166,moderate
2023-11-03T19:30Z,2023-11-03T20:00Z,154,168,moderate
2023-11-03T20:00Z,2023-11-03T20:30Z,154,161,moderate
2023-11-03T20:30Z,2023-11-03T21:00Z,154,151,moderate
2023-11-03T21:00Z,2023-11-03T21:30Z,137,141,moderate
2023-11-03T21:30Z,2023-11-03T22:00Z,127,132,moderate
2023-11-03T22:00Z,2023-11-03T22:30Z,127,129,moderate
2023-11-03T22:30Z,2023-11-03T23:00Z,105,118,low
2023-11-03T23:00Z,2023-11-03T23:30Z,112,117,low
2023-11-03T23:30Z,2023-11-04T00:00Z,107,121,moderate
2023-11-04T00:00Z,2023-11-04T00:30Z,108,129,moderate
2023-11-04T00:30Z,2023-11-04T01:00Z,103,122,moderate
2023-11-04T01:00Z,2023-11-04T01:30Z,108,127,moderate
2023-11-04T01:30Z,2023-11-04T02:00Z,101,135,moderate
2023-11-04T02:00Z,2023-11-04T02:30Z,110,149,moderate
2023-11-04T02:30Z,2023-11-04T03:00Z,117,158,moderate
2023-11-04T03:00Z,2023-11-04T03:30Z,121,156,moderate
2023-11-04T03:30Z,2023-11-04T04:00Z,137,156,moderate
2023-11-04T04:00Z,2023-11-04T04:30Z,141,151,moderate
2023-11-04T04:30Z,2023-11-04T05:00Z,141,153,moderate
2023-11-04T05:00Z,2023-11-04T05:30Z,140,149,moderate
2023-11-04T05:30Z,2023-11-04T06:00Z,138,164,moderate
2023-11-04T06:00Z,2023-11-04T06:30Z,138,166,moderate
2023-11-04T06:30Z,2023-11-04T07:00Z,149,167,moderate
2023-11-04T07:00Z,2023-11-04T07:30Z,152,157,moderate
2023-11-04T07:30Z,2023-11-04T08:00Z,159,172,moderate
2023-11-04T08:00Z,2023-11-04T08:30Z,146,179,moderate
2023-11-04T08:30Z,2023-11-04T09:00Z,153,180,moderate
2023-11-04T09:00Z,2023-11-04T09:30Z,160,176,moderate
2023-11-04T09:30Z,2023-11-04T10:00Z,166,174,moderate
2023-11-04T10:00Z,2023-11-04T10:30Z,161,175,moderate
2023-11-04T10:30Z,2023-11-04T11:00Z,159,182,moderate
2023-11-04T11:00Z,2023-11-04T11:30Z,155,175,moderate
2023-11-04T11:30Z,2023-11-04T12:00Z,158,169,moderate
2023-11-04T12:00Z,2023-11-04T12:30Z,165,159,moderate
2023-11-04T12:30Z,2023-11-04T13:00Z,163,159,moderate
2023-11-04T13:00Z,2023-11-04T13:30Z,143,160,moderate
2023-11-04T13:30Z,2023-11-04T14:00Z,144,149,moderate
2023-11-04T14:00Z,2023-11-04T14:30Z,169,143,moderate
2023-11-04T14:30Z,2023-11-04T15:00Z,166,147,moderate
2023-11-04T15:00Z,2023-11-04T15:30Z,154,159,moderate
2023-11-04T15:30Z,2023-11-04T16:00Z,161,166,moderate
2023-11-04T16:00Z,2023-11-04T16:30Z,169,177,moderate
2023-11-04T16:30Z,2023-11-04T17:00Z,178,181,moderate
2023-11-04T17:00Z,2023-11-04T17:30Z,178,175,moderate
2023-11-04T17:30Z,2023-11-04T18:00Z,187,179,moderate
2023-11-04T18:00Z,2023-11-04T18:30Z,176,194,moderate
2023-11-04T18:30Z,2023-11-04T19:00Z,176,194,moderate
2023-11-04T19:00Z,2023-11-04T19:30Z,191,192,moderate
2023-11-04T19:30Z,2023-11-04T20:00Z,201,187,moderate
2023-11-04T20:00Z,2023-11-04T20:30Z,197,190,moderate
2023-11-04T20:30Z,2023-11-04T21:00Z,196,186,moderate
2023-11-04T21:00Z,2023-11-04T21:30Z,200,183,moderate
2023-11-04T21:30Z,2023-11-04T22:00Z,197,186,moderate
2023-11-04T22:00Z,2023-11-04T22:30Z,197,180,moderate
2023-11-04T22:30Z,2023-11-04T23:00Z,177,169,moderate
2023-11-04T23:00Z,2023-11-04T23:30Z,181,169,moderate
2023-11-04T23:30Z,2023-11-05T00:00Z,174,168,moderate
2023-11-05T00:00Z,2023-11-05T00:30Z,177,178,moderate
2023-11-05T00:30Z,2023-11-05T01:00Z,175,173,moderate
2023-11-05T01:00Z,2023-11-05T01:30Z,180,171,moderate
2023-11-05T01:30Z,2023-11-05T02:00Z,170,171,moderate
2023-11-05T02:00Z,2023-11-05T02:30Z,171,166,moderate
2023-11-05T02:30Z,2023-11-05T03:00Z,173,172,moderate
2023-11-05T03:00Z,2023-11-05T03:30Z,162,163,moderate
2023-11-05T03:30Z,2023-11-05T04:00Z,169,162,moderate
2023-11-05T04:00Z,2023-11-05T04:30Z,154,162,moderate
2023-11-05T04:30Z,2023-11-05T05:00Z,150,154,moderate
2023-11-05T05:00Z,2023-11-05T05:30Z,139,139,moderate
2023-11-05T05:30Z,2023-11-05T06:00Z,136,133,moderate
2023-11-05T06:00Z,2023-11-05T06:30Z,116,123,moderate
2023-11-05T06:30Z,2023-11-05T07:00Z,113,135,moderate
2023-11-05T07:00Z,2023-11-05T07:30Z,95,140,moderate
2023-11-05T07:30Z,2023-11-05T08:00Z,122,149,moderate
2023-11-05T08:00Z,2023-11-05T08:30Z,143,140,moderate
2023-11-05T08:30Z,2023-11-05T09:00Z,140,137,moderate
2023-11-05T09:00Z,2023-11-05T09:30Z,139,131,moderate
2023-11-05T09:30Z,2023-11-05T10:00Z,126,128,moderate
2023-11-05T10:00Z,2023-11-05T10:30Z,119,122,moderate
2023-11-05T10:30Z,2023-11-05T11:00Z,118,119,low
2023-11-05T11:00Z,2023-11-05T11:30Z,113,115,low
2023-11-05T11:30Z,2023-11-05T12:00Z,112,114,low
2023-11-05T12:00Z,2023-11-05T12:30Z,110,119,low
2023-11-05T12:30Z,2023-11-05T13:00Z,109,124,moderate
2023-11-05T13:00Z,2023-11-05T13:30Z,120,136,moderate
2023-11-05T13:30Z,2023-11-05T14:00Z,131,142,moderate
2023-11-05T14:00Z,2023-11-05T14:30Z,150,149,moderate
2023-11-05T14:30Z,2023-11-05T15:00Z,154,158,moderate
2023-11-05T15:00Z,2023-11-05T15:30Z,164,175,moderate
2023-11-05T15:30Z,2023-11-05T16:00Z,176,183,moderate
2023-11-05T16:00Z,2023-11-05T16:30Z,185,188,moderate
2023-11-05T16:30Z,2023-11-05T17:00Z,191,190,moderate
2023-11-05T17:00Z,2023-11-05T17:30Z,191,191,moderate
2023-11-05T17:30Z,2023-11-05T18:00Z,189,192,moderate
2023-11-05T18:00Z,2023-11-05T18:30Z,191,193,moderate
2023-11-05T18:30Z,2023-11-05T19:00Z,192,195,moderate
2023-11-05T19:00Z,2023-11-05T19:30Z,190,196,moderate
2023-11-05T19:30Z,2023-11-05T20:00Z,192,191,moderate
2023-11-05T20:00Z,2023-11-05T20:30Z,192,181,moderate
2023-11-05T20:30Z,2023-11-05T21:00Z,192,169,moderate
2023-11-05T21:00Z,2023-11-05T21:30Z,186,158,moderate
2023-11-05T21:30Z,2023-11-05T22:00Z,154,160,moderate
2023-11-05T22:00Z,2023-11-05T22:30Z,155,150,moderate
2023-11-05T22:30Z,2023-11-05T23:00Z,117,136,moderate
2023-11-05T23:00Z,2023-11-05T23:30Z,100,122,moderate
2023-11-05T23:30Z,2023-11-06T00:00Z,133,109,low
2023-11-06T00:00Z,2023-11-06T00:30Z,133,107,low
2023-11-06T00:30Z,2023-11-06T01:00Z,105,105,low
2023-11-06T01:00Z,2023-11-06T01:30Z,96,100,low
2023-11-06T01:30Z,2023-11-06T02:00Z,100,100,low
2023-11-06T02:00Z,2023-11-06T02:30Z,102,100,low
2023-11-06T02:30Z,2023-11-06T03:00Z,99,104,low
2023-11-06T03:00Z,2023-11-06T03:30Z,93,101,low
2023-11-06T03:30Z,2023-11-06T04:00Z,96,98,low
2023-11-06T04:00Z,2023-11-06T04:30Z,106,97,low
2023-11-06T04:30Z,2023-11-06T05:00Z,101,96,low
2023-11-06T05:00Z,2023-11-06T05:30Z,98,112,low
2023-11-06T05:30Z,2023-11-06T06:00Z,97,129,moderate
2023-11-06T06:00Z,2023-11-06T06:30Z,135,156,moderate
2023-11-06T06:30Z,2023-11-06T07:00Z,155,181,moderate
2023-11-06T07:00Z,2023-11-06T07:30Z,147,177,moderate
2023-11-06T07:30Z,2023-11-06T08:00Z,197,172,moderate
2023-11-06T08:00Z,2023-11-06T08:30Z,184,171,moderate
2023-11-06T08:30Z,2023-11-06T09:00Z,174,160,moderate
2023-11-06T09:00Z,2023-11-06T09:30Z,168,157,moderate
2023-11-06T09:30Z,2023-11-06T10:00Z,157,150,moderate
2023-11-06T10:00Z,2023-11-06T10:30Z,133,140,moderate
2023-11-06T10:30Z,2023-11-06T11:00Z,145,134,moderate
2023-11-06T11:00Z,2023-11-06T11:30Z,137,126,moderate
2023-11-06T11:30Z,2023-11-06T12:00Z,133,126,moderate
2023-11-06T12:00Z,2023-11-06T12:30Z,125,126,moderate
2023-11-06T12:30Z,2023-11-06T13:00Z,126,126,moderate
2023-11-06T13:00Z,2023-11-06T13:30Z,132,131,moderate
2023-11-06T13:30Z,2023-11-06T14:00Z,124,135,moderate
2023-11-06T14:00Z,2023-11-06T14:30Z,162,137,moderate
2023-11-06T14:30Z,2023-11-06T15:00Z,149,155,moderate
2023-11-06T15:00Z,2023-11-06T15:30Z,145,160,moderate
2023-11-06T15:30Z,2023-11-06T16:00Z,163,169,moderate
2023-11-06T16:00Z,2023-11-06T16:30Z,168,175,moderate
2023-11-06T16:30Z,2023-11-06T17:00Z,175,177,moderate
2023-11-06T17:00Z,2023-11-06T17:30Z,171,178,moderate
2023-11-06T17:30Z,2023-11-06T18:00Z,174,171,moderate
2023-11-06T18:00Z,2023-11-06T18:30Z,173,167,moderate
2023-11-06T18:30Z,2023-11-06T19:00Z,167,159,moderate
2023-11-06T19:00Z,2023-11-06T19:30Z,162,149,moderate
2023-11-06T19:30Z,2023-11-06T20:00Z,153,140,moderate
2023-11-06T20:00Z,2023-11-06T20:30Z,148,132,moderate
2023-11-06T20:30Z,2023-11-06T21:00Z,131,111,low
2023-11-06T21:00Z,2023-11-06T21:30Z,122,96,low
2023-11-06T21:30Z,2023-11-06T22:00Z,96,87,low
2023-11-06T22:00Z,2023-11-06T22:30Z,89,79,low
2023-11-06T22:30Z,2023-11-06T23:00Z,92,78,low
2023-11-06T23:00Z,2023-11-06T23:30Z,80,78,low
2023-11-06T23:30Z,2023-11-07T00:00Z,83,80,low
2023-11-07T00:00Z,2023-11-07T00:30Z,80,79,low
2023-11-07T00:30Z,2023-11-07T01:00Z,79,79,low
2023-11-07T01:00Z,2023-11-07T01:30Z,77,82,low
2023-11-07T01:30Z,2023-11-07T02:00Z,78,83,low
2023-11-07T02:00Z,2023-11-07T02:30Z,78,82,low
2023-11-07T02:30Z,2023-11-07T03:00Z,80,82,low
2023-11-07T03:00Z,2023-11-07T03:30Z,82,82,low
2023-11-07T03:30Z,2023-11-07T04:00Z,82,77,low
2023-11-07T04:00Z,2023-11-07T04:30Z,81,79,low
2023-11-07T04:30Z,2023-11-07T05:00Z,76,90,low
2023-11-07T05:00Z,2023-11-07T05:30Z,76,105,low
2023-11-07T05:30Z,2023-11-07T06:00Z,89,132,moderate
2023-11-07T06:00Z,2023-11-07T06:30Z,106,148,moderate
2023-11-07T06:30Z,2023-11-07T07:00Z,146,149,moderate
2023-11-07T07:00Z,2023-11-07T07:30Z,86,150,moderate
2023-11-07T07:30Z,2023-11-07T08:00Z,156,151,moderate
2023-11-07T08:00Z,2023-11-07T08:30Z,146,148,moderate
2023-11-07T08:30Z,2023-11-07T09:00Z,150,152,moderate
2023-11-07T09:00Z,2023-11-07T09:30Z,139,145,moderate
2023-11-07T09:30Z,2023-11-07T10:00Z,138,133,moderate
2023-11-07T10:00Z,2023-11-07T10:30Z,142,129,moderate
2023-11-07T10:30Z,2023-11-07T11:00Z,129,131,moderate
2023-11-07T11:00Z,2023-11-07T11:30Z,125,130,moderate
2023-11-07T11:30Z,2023-11-07T12:00Z,125,130,moderate
2023-11-07T12:00Z,2023-11-07T12:30Z,121,137,moderate
2023-11-07T12:30Z,2023-11-07T13:00Z,118,143,moderate
2023-11-07T13:00Z,2023-11-07T13:30Z,125,149,moderate
2023-11-07T13:30Z,2023-11-07T14:00Z,137,156,moderate
2023-11-07T14:00Z,2023-11-07T14:30Z,152,173,moderate
2023-11-07T14:30Z,2023-11-07T15:00Z,163,188,moderate
2023-11-07T15:00Z,2023-11-07T15:30Z,185,198,moderate
2023-11-07T15:30Z,2023-11-07T16:00Z,201,208,high
2023-11-07T16:00Z,2023-11-07T16:30Z,211,211,high
2023-11-07T16:30Z,2023-11-07T17:00Z,212,203,high
2023-11-07T17:00Z,2023-11-07T17:30Z,214,202,high
2023-11-07T17:30Z,2023-11-07T18:00Z,206,199,moderate
2023-11-07T18:00Z,2023-11-07T18:30Z,201,196,moderate
2023-11-07T18:30Z,2023-11-07T19:00Z,204,206,high
2023-11-07T19:00Z,2023-11-07T19:30Z,199,207,high
2023-11-07T19:30Z,2023-11-07T20:00Z,212,197,moderate
2023-11-07T20:00Z,2023-11-07T20:30Z,212,190,moderate
2023-11-07T20:30Z,2023-11-07T21:00Z,205,172,moderate
2023-11-07T21:00Z,2023-11-07T21:30Z,189,162,moderate
2023-11-07T21:30Z,2023-11-07T22:00Z,158,130,moderate
2023-11-07T22:00Z,2023-11-07T22:30Z,157,113,low
2023-11-07T22:30Z,2023-11-07T23:00Z,130,87,low
2023-11-07T23:00Z,2023-11-07T23:30Z,119,77,low
2023-11-07T23:30Z,2023-11-08T00:00Z,117,74,low
2023-11-08T00:00Z,2023-11-08T00:30Z,96,72,low
2023-11-08T00:30Z,2023-11-08T01:00Z,84,81,low
2023-11-08T01:00Z,2023-11-08T01:30Z,77,76,low
2023-11-08T01:30Z,2023-11-08T02:00Z,83,76,low
2023-11-08T02:00Z,2023-11-08T02:30Z,83,69,low
2023-11-08T02:30Z,2023-11-08T03:00Z,79,74,low
2023-11-08T03:00Z,2023-11-08T03:30Z,72,71,low
2023-11-08T03:30Z,2023-11-08T04:00Z,72,73,low
2023-11-08T04:00Z,2023-11-08T04:30Z,60,80,low
2023-11-08T04:30Z,2023-11-08T05:00Z,70,96,low
2023-11-08T05:00Z,2023-11-08T05:30Z,73,103,low
2023-11-08T05:30Z,2023-11-08T06:00Z,84,116,low
2023-11-08T06:00Z,2023-11-08T06:30Z,93,129,moderate
2023-11-08T06:30Z,2023-11-08T07:00Z,106,121,moderate
2023-11-08T07:00Z,2023-11-08T07:30Z,109,122,moderate
2023-11-08T07:30Z,2023-11-08T08:00Z,104,122,moderate
2023-11-08T08:00Z,2023-11-08T08:30Z,116,122,moderate
2023-11-08T08:30Z,2023-11-08T09:00Z,110,110,low
2023-11-08T09:00Z,2023-11-08T09:30Z,106,110,low
2023-11-08T09:30Z,2023-11-08T10:00Z,100,107,low
2023-11-08T10:00Z,2023-11-08T10:30Z,90,103,low
2023-11-08T10:30Z,2023-11-08T11:00Z,91,100,low
2023-11-08T11:00Z,2023-11-08T11:30Z,83,99,low
2023-11-08T11:30Z,2023-11-08T12:00Z,84,97,low
2023-11-08T12:00Z,2023-11-08T12:30Z,84,96,low
2023-11-08T12:30Z,2023-11-08T13:00Z,85,104,low
2023-11-08T13:00Z,2023-11-08T13:30Z,88,112,low
2023-11-08T13:30Z,2023-11-08T14:00Z,87,126,moderate
2023-11-08T14:00Z,2023-11-08T14:30Z,100,137,moderate
2023-11-08T14:30Z,2023-11-08T15:00Z,118,152,moderate
2023-11-08T15:00Z,2023-11-08T15:30Z,132,167,moderate
2023-11-08T15:30Z,2023-11-08T16:00Z,142,181,moderate
2023-11-08T16:00Z,2023-11-08T16:30Z,170,177,moderate
2023-11-08T16:30Z,2023-11-08T17:00Z,186,179,moderate
2023-11-08T17:00Z,2023-11-08T17:30Z,178,181,moderate
2023-11-08T17:30Z,2023-11-08T18:00Z,179,180,moderate
2023-11-08T18:00Z,2023-11-08T18:30Z,177,181,moderate
2023-11-08T18:30Z,2023-11-08T19:00Z,179,180,moderate
2023-11-08T19:00Z,2023-11-08T19:30Z,179,179,moderate
2023-11-08T19:30Z,2023-11-08T20:00Z,178,178,moderate
2023-11-08T20:00Z,2023-11-08T20:30Z,172,172,moderate
2023-11-08T20:30Z,2023-11-08T21:00Z,174,163,moderate
2023-11-08T21:00Z,2023-11-08T21:30Z,156,153,moderate
2023-11-08T21:30Z,2023-11-08T22:00Z,149,136,moderate
2023-11-08T22:00Z,2023-11-08T22:30Z,126,121,moderate
2023-11-08T22:30Z,2023-11-08T23:00Z,129,110,low
2023-11-08T23:00Z,2023-11-08T23:30Z,123,112,low
2023-11-08T23:30Z,2023-11-09T00:00Z,105,108,low
2023-11-09T00:00Z,2023-11-09T00:30Z,107,112,low
2023-11-09T00:30Z,2023-11-09T01:00Z,106,109,low
2023-11-09T01:00Z,2023-11-09T01:30Z,101,103,low
2023-11-09T01:30Z,2023-11-09T02:00Z,100,91,low
2023-11-09T02:00Z,2023-11-09T02:30Z,97,84,low
2023-11-09T02:30Z,2023-11-09T03:00Z,90,87,low
2023-11-09T03:00Z,2023-11-09T03:30Z,90,84,low
2023-11-09T03:30Z,2023-11-09T04:00Z,86,82,low
2023-11-09T04:00Z,2023-11-09T04:30Z,87,87,low
2023-11-09T04:30Z,2023-11-09T05:00Z,85,107,low
2023-11-09T05:00Z,2023-11-09T05:30Z,92,128,moderate
2023-11-09T05:30Z,2023-11-09T06:00Z,121,176,moderate
2023-11-09T06:00Z,2023-11-09T06:30Z,156,191,moderate
2023-11-09T06:30Z,2023-11-09T07:00Z,190,190,moderate
2023-11-09T07:00Z,2023-11-09T07:30Z,171,188,moderate
2023-11-09T07:30Z,2023-11-09T08:00Z,123,177,moderate
2023-11-09T08:00Z,2023-11-09T08:30Z,187,176,moderate
2023-11-09T08:30Z,2023-11-09T09:00Z,175,167,moderate
2023-11-09T09:00Z,2023-11-09T09:30Z,178,170,moderate
2023-11-09T09:30Z,2023-11-09T10:00Z,163,166,moderate
2023-11-09T10:00Z,2023-11-09T10:30Z,161,152,moderate
2023-11-09T10:30Z,2023-11-09T11:00Z,163,152,moderate
2023-11-09T11:00Z,2023-11-09T11:30Z,148,152,moderate
2023-11-09T11:30Z,2023-11-09T12:00Z,144,155,moderate
2023-11-09T12:00Z,2023-11-09T12:30Z,158,161,moderate
2023-11-09T12:30Z,2023-11-09T13:00Z,161,167,moderate
2023-11-09T13:00Z,2023-11-09T13:30Z,167,171,moderate
2023-11-09T13:30Z,2023-11-09T14:00Z,172,177,moderate
2023-11-09T14:00Z,2023-11-09T14:30Z,178,188,moderate
2023-11-09T14:30Z,2023-11-09T15:00Z,184,194,moderate
2023-11-09T15:00Z,2023-11-09T15:30Z,191,197,moderate
2023-11-09T15:30Z,2023-11-09T16:00Z,207,201,high
2023-11-09T16:00Z,2023-11-09T16:30Z,214,204,high
2023-11-09T16:30Z,2023-11-09T17:00Z,220,206,high
2023-11-09T17:00Z,2023-11-09T17:30Z,206,200,high
2023-11-09T17:30Z,2023-11-09T18:00Z,209,199,moderate
2023-11-09T18:00Z,2023-11-09T18:30Z,210,203,high
2023-11-09T18:30Z,2023-11-09T19:00Z,202,194,moderate
2023-11-09T19:00Z,2023-11-09T19:30Z,204,186,moderate
2023-11-09T19:30Z,2023-11-09T20:00Z,202,176,moderate
2023-11-09T20:00Z,2023-11-09T20:30Z,199,172,moderate
2023-11-09T20:30Z,2023-11-09T21:00Z,177,160,moderate
2023-11-09T21:00Z,2023-11-09T21:30Z,169,150,moderate
2023-11-09T21:30Z,2023-11-09T22:00Z,172,139,moderate
2023-11-09T22:00Z,2023-11-09T22:30Z,142,133,moderate
2023-11-09T22:30Z,2023-11-09T23:00Z,133,124,moderate
2023-11-09T23:00Z,2023-11-09T23:30Z,132,112,low
2023-11-09T23:30Z,2023-11-10T00:00Z,134,110,low
2023-11-10T00:00Z,2023-11-10T00:30Z,125,124,moderate
2023-11-10T00:30Z,2023-11-10T01:00Z,118,123,moderate
2023-11-10T01:00Z,2023-11-10T01:30Z,126,126,moderate
2023-11-10T01:30Z,2023-11-10T02:00Z,122,126,moderate
2023-11-10T02:00Z,2023-11-10T02:30Z,132,122,moderate
2023-11-10T02:30Z,2023-11-10T03:00Z,133,114,low
2023-11-10T03:00Z,2023-11-10T03:30Z,127,120,moderate
2023-11-10T03:30Z,2023-11-10T04:00Z,120,123,moderate
2023-11-10T04:00Z,2023-11-10T04:30Z,123,131,moderate
2023-11-10T04:30Z,2023-11-10T05:00Z,127,143,moderate
2023-11-10T05:00Z,2023-11-10T05:30Z,145,168,moderate
2023-11-10T05:30Z,2023-11-10T06:00Z,161,199,moderate
2023-11-10T06:00Z,2023-11-10T06:30Z,175,214,high
2023-11-10T06:30Z,2023-11-10T07:00Z,207,230,high
2023-11-10T07:00Z,2023-11-10T07:30Z,213,229,high
2023-11-10T07:30Z,2023-11-10T08:00Z,215,229,high
2023-11-10T08:00Z,2023-11-10T08:30Z,228,225,high
2023-11-10T08:30Z,2023-11-10T09:00Z,229,219,high
2023-11-10T09:00Z,2023-11-10T09:30Z,224,217,high
2023-11-10T09:30Z,2023-11-10T10:00Z,219,216,high
2023-11-10T10:00Z,2023-11-10T10:30Z,214,212,high
2023-11-10T10:30Z,2023-11-10T11:00Z,215,202,high
2023-11-10T11:00Z,2023-11-10T11:30Z,208,197,moderate
2023-11-10T11:30Z,2023-11-10T12:00Z,194,194,moderate
2023-11-10T12:00Z,2023-11-10T12:30Z,202,188,moderate
2023-11-10T12:30Z,2023-11-10T13:00Z,195,187,moderate
2023-11-10T13:00Z,2023-11-10T13:30Z,193,184,moderate
2023-11-10T13:30Z,2023-11-10T14:00Z,191,187,moderate
2023-11-10T14:00Z,2023-11-10T14:30Z,188,186,moderate
2023-11-10T14:30Z,2023-11-10T15:00Z,188,183,moderate
2023-11-10T15:00Z,2023-11-10T15:30Z,194,187,moderate
2023-11-10T15:30Z,2023-11-10T16:00Z,190,185,moderate
2023-11-10T16:00Z,2023-11-10T16:30Z,192,189,moderate
2023-11-10T16:30Z,2023-11-10T17:00Z,191,190,moderate
2023-11-10T17:00Z,2023-11-10T17:30Z,192,187,moderate
2023-11-10T17:30Z,2023-11-10T18:00Z,190,189,moderate
2023-11-10T18:00Z,2023-11-10T18:30Z,187,188,moderate
2023-11-10T18:30Z,2023-11-10T19:00Z,188,184,moderate
2023-11-10T19:00Z,2023-11-10T19:30Z,186,180,moderate
2023-11-10T19:30Z,2023-11-10T20:00Z,177,170,moderate
2023-11-10T20:00Z,2023-11-10T20:30Z,176,157,moderate
2023-11-10T20:30Z,2023-11-10T21:00Z,166,151,moderate
2023-11-10T21:00Z,2023-11-10T21:30Z,149,142,moderate
2023-11-10T21:30Z,2023-11-10T22:00Z,142,129,moderate
2023-11-10T22:00Z,2023-11-10T22:30Z,128,113,low
2023-11-10T22:30Z,2023-11-10T23:00Z,115,104,low
2023-11-10T23:00Z,2023-11-10T23:30Z,108,104,low
2023-11-10T23:30Z,2023-11-11T00:00Z,104,104,low
2023-11-11T00:00Z,2023-11-11T00:30Z,96,108,low
2023-11-11T00:30Z,2023-11-11T01:00Z,96,102,low
2023-11-11T01:00Z,2023-11-11T01:30Z,99,96,low
2023-11-11T01:30Z,2023-11-11T02:00Z,95,97,low
2023-11-11T02:00Z,2023-11-11T02:30Z,92,97,low
2023-11-11T02:30Z,2023-11-11T03:00Z,93,103,low
2023-11-11T03:00Z,2023-11-11T03:30Z,92,101,low
2023-11-11T03:30Z,2023-11-11T04:00Z,97,97,low
2023-11-11T04:00Z,2023-11-11T04:30Z,99,97,low
2023-11-11T04:30Z,2023-11-11T05:00Z,95,101,low
2023-11-11T05:00Z,2023-11-11T05:30Z,94,104,low
2023-11-11T05:30Z,2023-11-11T06:00Z,102,116,low
2023-11-11T06:00Z,2023-11-11T06:30Z,104,134,moderate
2023-11-11T06:30Z,2023-11-11T07:00Z,116,162,moderate
2023-11-11T07:00Z,2023-11-11T07:30Z,111,177,moderate
2023-11-11T07:30Z,2023-11-11T08:00Z,164,184,moderate
2023-11-11T08:00Z,2023-11-11T08:30Z,182,185,moderate
2023-11-11T08:30Z,2023-11-11T09:00Z,181,181,moderate
2023-11-11T09:00Z,2023-11-11T09:30Z,181,174,moderate
2023-11-11T09:30Z,2023-11-11T10:00Z,176,172,moderate
2023-11-11T10:00Z,2023-11-11T10:30Z,169,171,moderate
2023-11-11T10:30Z,2023-11-11T11:00Z,167,170,moderate
2023-11-11T11:00Z,2023-11-11T11:30Z,165,174,moderate
2023-11-11T11:30Z,2023-11-11T12:00Z,167,175,moderate
2023-11-11T12:00Z,2023-11-11T12:30Z,173,187,moderate
2023-11-11T12:30Z,2023-11-11T13:00Z,178,197,moderate
2023-11-11T13:00Z,2023-11-11T13:30Z,190,202,high
2023-11-11T13:30Z,2023-11-11T14:00Z,201,207,high
2023-11-11T14:00Z,2023-11-11T14:30Z,203,227,high
2023-11-11T14:30Z,2023-11-11T15:00Z,206,236,high
2023-11-11T15:00Z,2023-11-11T15:30Z,225,248,high
2023-11-11T15:30Z,2023-11-11T16:00Z,243,253,high
2023-11-11T16:00Z,2023-11-11T16:30Z,249,254,high
2023-11-11T16:30Z,2023-11-11T17:00Z,249,259,high
2023-11-11T17:00Z,2023-11-11T17:30Z,255,263,high
2023-11-11T17:30Z,2023-11-11T18:00Z,262,263,high
2023-11-11T18:00Z,2023-11-11T18:30Z,263,262,high
2023-11-11T18:30Z,2023-11-11T19:00Z,263,264,high
2023-11-11T19:00Z,2023-11-11T19:30Z,261,266,high
2023-11-11T19:30Z,2023-11-11T20:00Z,262,267,high
2023-11-11T20:00Z,2023-11-11T20:30Z,265,263,high
2023-11-11T20:30Z,2023-11-11T21:00Z,263,257,high
2023-11-11T21:00Z,2023-11-11T21:30Z,265,249,high
2023-11-11T21:30Z,2023-11-11T22:00Z,258,244,high
2023-11-11T22:00Z,2023-11-11T22:30Z,243,233,high
2023-11-11T22:30Z,2023-11-11T23:00Z,241,216,high
2023-11-11T23:00Z,2023-11-11T23:30Z,228,204,high
2023-11-11T23:30Z,2023-11-12T00:00Z,210,204,high
2023-11-12T00:00Z,2023-11-12T00:30Z,210,206,high
2023-11-12T00:30Z,2023-11-12T01:00Z,203,204,high
2023-11-12T01:00Z,2023-11-12T01:30Z,201,196,moderate
2023-11-12T01:30Z,2023-11-12T02:00Z,202,198,moderate
2023-11-12T02:00Z,2023-11-12T02:30Z,194,194,moderate
2023-11-12T02:30Z,2023-11-12T03:00Z,194,191,moderate
2023-11-12T03:00Z,2023-11-12T03:30Z,189,188,moderate
2023-11-12T03:30Z,2023-11-12T04:00Z,190,180,moderate
